E501 Line too long (90 > 88)
 --> docs/superpowers/evidence/task5-continuity-recovery-d6ba92d8/create-fresh-guest.py:2:89
  |
1 | #!/usr/bin/env python3
2 | """Create exactly one approved stopped guest. Preserve any returned storage on failure."""
  |                                                                                         ^^
3 | import fcntl
4 | import importlib.util
  |

I001 [*] Import block is un-sorted or un-formatted
  --> docs/superpowers/evidence/task5-continuity-recovery-d6ba92d8/create-fresh-guest.py:3:1
   |
 1 |   #!/usr/bin/env python3
 2 |   """Create exactly one approved stopped guest. Preserve any returned storage on failure."""
 3 | / import fcntl
 4 | | import importlib.util
 5 | | import json
 6 | | import os
 7 | | from pathlib import Path
 8 | | import subprocess
 9 | | import tempfile
   | |_______________^
10 |
11 |   root = Path(__file__).resolve().parents[4]
   |
help: Organize imports

E501 Line too long (102 > 88)
  --> docs/superpowers/evidence/task5-continuity-recovery-d6ba92d8/create-fresh-guest.py:12:89
   |
11 | root = Path(__file__).resolve().parents[4]
12 | spec = importlib.util.spec_from_file_location('qualifier', root / 'scripts/mac/9router_vm_qualify.py')
   |                                                                                         ^^^^^^^^^^^^^^
13 | q = importlib.util.module_from_spec(spec)
14 | spec.loader.exec_module(q)
   |

E501 Line too long (137 > 88)
  --> docs/superpowers/evidence/task5-continuity-recovery-d6ba92d8/create-fresh-guest.py:23:89
   |
21 | …
22 | …())
23 | …1a-1309-45c3-a156-cf5623c06fda' and previous.get('name') == name, 'Foreign creation claim')
   |                                            ^^^^^^^^^^^^^^^^^^^^^^^^^^^^^^^^^^^^^^^^^^^^^^^^^
24 | …
25 | …
   |

E501 Line too long (168 > 88)
  --> docs/superpowers/evidence/task5-continuity-recovery-d6ba92d8/create-fresh-guest.py:34:89
   |
32 | …L, 0o600)
33 | …
34 | …623c06fda', 'pid': os.getpid(), 'name': name, 'scope': 'exactly one approved stopped creation'}).encode())
   |                            ^^^^^^^^^^^^^^^^^^^^^^^^^^^^^^^^^^^^^^^^^^^^^^^^^^^^^^^^^^^^^^^^^^^^^^^^^^^^^^^^
35 | …300 GB macOS guest, preserve the old guest, and prove SQLite persistence before another independent sign-in (Recommended)', 'turn': '…
36 | …
   |

E501 Line too long (280 > 88)
  --> docs/superpowers/evidence/task5-continuity-recovery-d6ba92d8/create-fresh-guest.py:35:89
   |
33 | …
34 | ….getpid(), 'name': name, 'scope': 'exactly one approved stopped creation'}).encode())
35 | …reserve the old guest, and prove SQLite persistence before another independent sign-in (Recommended)', 'turn': '2026-10-07 18:11 EDT guest_persistence_path answer'}, 'name': name, 'created': False}
   |       ^^^^^^^^^^^^^^^^^^^^^^^^^^^^^^^^^^^^^^^^^^^^^^^^^^^^^^^^^^^^^^^^^^^^^^^^^^^^^^^^^^^^^^^^^^^^^^^^^^^^^^^^^^^^^^^^^^^^^^^^^^^^^^^^^^^^^^^^^^^^^^^^^^^^^^^^^^^^^^^^^^^^^^^^^^^^^^^^^^^^^^^^^^^^^^^^
36 | …
37 | …
   |

E501 Line too long (116 > 88)
  --> docs/superpowers/evidence/task5-continuity-recovery-d6ba92d8/create-fresh-guest.py:38:89
   |
36 | box = None
37 | try:
38 |     q.require(not receipt.exists(), 'Fresh creation already attempted; inspect receipt, never create another guest')
   |                                                                                         ^^^^^^^^^^^^^^^^^^^^^^^^^^^^
39 |     result = subprocess.run(['node', str(api), str(sdk), 'create', name, str(receipt)], cwd=root, capture_output=True, text=True, time…
40 |     record['creation_exit_code'] = result.returncode
   |

E501 Line too long (142 > 88)
  --> docs/superpowers/evidence/task5-continuity-recovery-d6ba92d8/create-fresh-guest.py:39:89
   |
37 | …
38 | …on already attempted; inspect receipt, never create another guest')
39 | …r(sdk), 'create', name, str(receipt)], cwd=root, capture_output=True, text=True, timeout=120)
   |                                         ^^^^^^^^^^^^^^^^^^^^^^^^^^^^^^^^^^^^^^^^^^^^^^^^^^^^^^
40 | …ode
41 | …[-6000:]
   |

E501 Line too long (126 > 88)
  --> docs/superpowers/evidence/task5-continuity-recovery-d6ba92d8/create-fresh-guest.py:42:89
   |
40 |     record['creation_exit_code'] = result.returncode
41 |     record['creation_diagnostic'] = result.stderr[-6000:]
42 |     q.require(result.returncode == 0 and receipt.exists(), 'Creation outcome unknown; resolve exact unique name before retry')
   |                                                                                         ^^^^^^^^^^^^^^^^^^^^^^^^^^^^^^^^^^^^^^
43 |     created = q.private_json(receipt)
44 |     box = json.loads(q.output(['node', str(api), str(sdk), 'metadata', created['returned']['id']], root, timeout=60))
   |

E501 Line too long (117 > 88)
  --> docs/superpowers/evidence/task5-continuity-recovery-d6ba92d8/create-fresh-guest.py:44:89
   |
42 |     q.require(result.returncode == 0 and receipt.exists(), 'Creation outcome unknown; resolve exact unique name before retry')
43 |     created = q.private_json(receipt)
44 |     box = json.loads(q.output(['node', str(api), str(sdk), 'metadata', created['returned']['id']], root, timeout=60))
   |                                                                                         ^^^^^^^^^^^^^^^^^^^^^^^^^^^^^
45 |     q.require(box['name'] == name and box['volumeSizeGb'] == '300' and box['os'] == 'macos' and box['architecture'] == 'arm64' and box…
46 |     record.update(created=True, verified=box)
   |

E501 Line too long (348 > 88)
  --> docs/superpowers/evidence/task5-continuity-recovery-d6ba92d8/create-fresh-guest.py:45:89
   |
43 | …
44 | …urned']['id']], root, timeout=60))
45 | … 'macos' and box['architecture'] == 'arm64' and box['accessMode'] == 1 and box['ephemeral'] is None and not box.get('repository') and not box.get('versionControl', {}).get('repositories') and not box.get('integrationsFields'), 'Fresh identity or isolation differs')
   |       ^^^^^^^^^^^^^^^^^^^^^^^^^^^^^^^^^^^^^^^^^^^^^^^^^^^^^^^^^^^^^^^^^^^^^^^^^^^^^^^^^^^^^^^^^^^^^^^^^^^^^^^^^^^^^^^^^^^^^^^^^^^^^^^^^^^^^^^^^^^^^^^^^^^^^^^^^^^^^^^^^^^^^^^^^^^^^^^^^^^^^^^^^^^^^^^^^^^^^^^^^^^^^^^^^^^^^^^^^^^^^^^^^^^^^^^^^^^^^^^^^^^^^^^^^^^^^^^^^^^^
46 | …
47 | …
   |

E501 Line too long (98 > 88)
  --> docs/superpowers/evidence/task5-continuity-recovery-d6ba92d8/create-fresh-guest.py:48:89
   |
46 |     record.update(created=True, verified=box)
47 | finally:
48 |     # Creation was explicitly stopped. If the response is uncertain, inspect only the unique name.
   |                                                                                         ^^^^^^^^^^
49 |     if box is None:
50 |         observed = subprocess.run(['node', str(api), str(sdk), 'metadata', name], cwd=root, capture_output=True, text=True, timeout=60)
   |

E501 Line too long (135 > 88)
  --> docs/superpowers/evidence/task5-continuity-recovery-d6ba92d8/create-fresh-guest.py:50:89
   |
48 |     # Creation was explicitly stopped. If the response is uncertain, inspect only the unique name.
49 |     if box is None:
50 |         observed = subprocess.run(['node', str(api), str(sdk), 'metadata', name], cwd=root, capture_output=True, text=True, timeout=60)
   |                                                                                         ^^^^^^^^^^^^^^^^^^^^^^^^^^^^^^^^^^^^^^^^^^^^^^^
51 |         if observed.returncode == 0:
52 |             box = json.loads(observed.stdout)
   |

E501 Line too long (94 > 88)
  --> docs/superpowers/evidence/task5-continuity-recovery-d6ba92d8/create-fresh-guest.py:55:89
   |
53 |             record['resolved_after_uncertainty'] = box
54 |         else:
55 |             record['name_resolution'] = 'unknown or not found; do not repeat creation blindly'
   |                                                                                         ^^^^^^
56 |     if box:
57 |         if box['state'] != 'stopped' or box['instance_id'] is not None:
   |

E501 Line too long (139 > 88)
  --> docs/superpowers/evidence/task5-continuity-recovery-d6ba92d8/create-fresh-guest.py:58:89
   |
56 | …
57 | …stance_id'] is not None:
58 | ….local/bin/devbox'), 'stop', name, '--force'], check=True, capture_output=True, timeout=120)
   |                                           ^^^^^^^^^^^^^^^^^^^^^^^^^^^^^^^^^^^^^^^^^^^^^^^^^^^
59 | …
60 | …
   |

E501 Line too long (101 > 88)
  --> docs/superpowers/evidence/task5-continuity-recovery-d6ba92d8/create-fresh-guest.py:63:89
   |
61 | …         if index:
62 | …             __import__('time').sleep(60)
63 | …         observations.append({'at': __import__('time').time(), **q.host_metadata(box['id'], sdk)})
   |                                                                                       ^^^^^^^^^^^^^
64 | …     record['stopped_observations'] = observations
65 | …     q.require(all(item['name'] == name and item['state'] == 'stopped' and item['instance_id'] is None for item in observations), 'Fr…
   |

E501 Line too long (182 > 88)
  --> docs/superpowers/evidence/task5-continuity-recovery-d6ba92d8/create-fresh-guest.py:65:89
   |
63 | ….host_metadata(box['id'], sdk)})
64 | …
65 | …ped' and item['instance_id'] is None for item in observations), 'Fresh stopped creation verification incomplete')
   |                     ^^^^^^^^^^^^^^^^^^^^^^^^^^^^^^^^^^^^^^^^^^^^^^^^^^^^^^^^^^^^^^^^^^^^^^^^^^^^^^^^^^^^^^^^^^^^^^
66 | …
67 | …'.json'), record)
   |

I001 [*] Import block is un-sorted or un-formatted
  --> docs/superpowers/evidence/task5-continuity-recovery-d6ba92d8/guest-push-checks.py:3:1
   |
 1 |   #!/usr/bin/env python3
 2 |   """Run changed-file push checks only in Namespace and export exact outcomes."""
 3 | / import hashlib
 4 | | import importlib.util
 5 | | import json
 6 | | import os
 7 | | from pathlib import Path
 8 | | import subprocess
 9 | | import sys
10 | | import urllib.request
   | |_____________________^
11 |
12 |   run = Path(sys.argv[1])
   |
help: Organize imports

F401 [*] `json` imported but unused
 --> docs/superpowers/evidence/task5-continuity-recovery-d6ba92d8/guest-push-checks.py:5:8
  |
3 | import hashlib
4 | import importlib.util
5 | import json
  |        ^^^^
6 | import os
7 | from pathlib import Path
  |
help: Remove unused import: `json`

E501 Line too long (104 > 88)
  --> docs/superpowers/evidence/task5-continuity-recovery-d6ba92d8/guest-push-checks.py:14:89
   |
12 | run = Path(sys.argv[1])
13 | source = run / 'source'
14 | spec = importlib.util.spec_from_file_location('qualifier', source / 'scripts/mac/9router_vm_qualify.py')
   |                                                                                         ^^^^^^^^^^^^^^^^
15 | q = importlib.util.module_from_spec(spec)
16 | spec.loader.exec_module(q)
   |

E501 Line too long (103 > 88)
  --> docs/superpowers/evidence/task5-continuity-recovery-d6ba92d8/guest-push-checks.py:27:89
   |
26 | def check(name, argv, env, subjects, timeout=180):
27 |     result = subprocess.run(argv, cwd=source, env=env, capture_output=True, text=True, timeout=timeout)
   |                                                                                         ^^^^^^^^^^^^^^^
28 |     log = result.stdout + result.stderr
29 |     if secret.exists():
   |

E501 Line too long (151 > 88)
  --> docs/superpowers/evidence/task5-continuity-recovery-d6ba92d8/guest-push-checks.py:32:89
   |
30 | …TED]')
31 | …
32 | …returncode, 'subjects': subjects, 'command': argv, 'log_sha256': q.sha256(out / (name + '.log'))})
   |                                     ^^^^^^^^^^^^^^^^^^^^^^^^^^^^^^^^^^^^^^^^^^^^^^^^^^^^^^^^^^^^^^^
33 | …
   |

E501 Line too long (142 > 88)
  --> docs/superpowers/evidence/task5-continuity-recovery-d6ba92d8/guest-push-checks.py:42:89
   |
40 | …
41 | …K).read_bytes())
42 | …cripts', '--include=dev', '--include=optional', '--no-audit', '--no-fund'], folder, env, 900)
   |                                         ^^^^^^^^^^^^^^^^^^^^^^^^^^^^^^^^^^^^^^^^^^^^^^^^^^^^^^
43 | …
44 | …, env=env)
   |

E501 Line too long (119 > 88)
  --> docs/superpowers/evidence/task5-continuity-recovery-d6ba92d8/guest-push-checks.py:46:89
   |
44 |     q.output(['python3', '-m', 'venv', str(venv)], env=env)
45 |     python = str(venv / 'bin/python')
46 |     q.guest_command([python, '-m', 'pip', 'install', '--disable-pip-version-check', 'ruff==0.15.18'], source, env, 180)
   |                                                                                         ^^^^^^^^^^^^^^^^^^^^^^^^^^^^^^^
47 |     changed = q.output(['git', 'diff', '--name-only', 'c0ceebc70d892398870f93dba9af522f870ccc08'], source).splitlines()
48 |     python_files = [name for name in changed if name.endswith('.py')]
   |

E501 Line too long (119 > 88)
  --> docs/superpowers/evidence/task5-continuity-recovery-d6ba92d8/guest-push-checks.py:47:89
   |
45 |     python = str(venv / 'bin/python')
46 |     q.guest_command([python, '-m', 'pip', 'install', '--disable-pip-version-check', 'ruff==0.15.18'], source, env, 180)
47 |     changed = q.output(['git', 'diff', '--name-only', 'c0ceebc70d892398870f93dba9af522f870ccc08'], source).splitlines()
   |                                                                                         ^^^^^^^^^^^^^^^^^^^^^^^^^^^^^^^
48 |     python_files = [name for name in changed if name.endswith('.py')]
49 |     js_files = [name for name in changed if Path(name).suffix in {'.js', '.cjs', '.mjs'}]
   |

E501 Line too long (89 > 88)
  --> docs/superpowers/evidence/task5-continuity-recovery-d6ba92d8/guest-push-checks.py:49:89
   |
47 |     changed = q.output(['git', 'diff', '--name-only', 'c0ceebc70d892398870f93dba9af522f870ccc08'], source).splitlines()
48 |     python_files = [name for name in changed if name.endswith('.py')]
49 |     js_files = [name for name in changed if Path(name).suffix in {'.js', '.cjs', '.mjs'}]
   |                                                                                         ^
50 |     q.require(python_files and js_files and changed, 'Zero changed check population')
51 |     check('ruff-check', [python, '-m', 'ruff', 'check', '--select=E,F,I', *python_files], env, len(python_files))
   |

E501 Line too long (113 > 88)
  --> docs/superpowers/evidence/task5-continuity-recovery-d6ba92d8/guest-push-checks.py:51:89
   |
49 |     js_files = [name for name in changed if Path(name).suffix in {'.js', '.cjs', '.mjs'}]
50 |     q.require(python_files and js_files and changed, 'Zero changed check population')
51 |     check('ruff-check', [python, '-m', 'ruff', 'check', '--select=E,F,I', *python_files], env, len(python_files))
   |                                                                                         ^^^^^^^^^^^^^^^^^^^^^^^^^
52 |     check('ruff-format', [python, '-m', 'ruff', 'format', '--check', *python_files], env, len(python_files))
53 |     check('eslint', ['node', 'node_modules/eslint/bin/eslint.js', '--no-warn-ignored', *js_files], env, len(js_files))
   |

E501 Line too long (108 > 88)
  --> docs/superpowers/evidence/task5-continuity-recovery-d6ba92d8/guest-push-checks.py:52:89
   |
50 |     q.require(python_files and js_files and changed, 'Zero changed check population')
51 |     check('ruff-check', [python, '-m', 'ruff', 'check', '--select=E,F,I', *python_files], env, len(python_files))
52 |     check('ruff-format', [python, '-m', 'ruff', 'format', '--check', *python_files], env, len(python_files))
   |                                                                                         ^^^^^^^^^^^^^^^^^^^^
53 |     check('eslint', ['node', 'node_modules/eslint/bin/eslint.js', '--no-warn-ignored', *js_files], env, len(js_files))
54 |     for name in js_files:
   |

E501 Line too long (118 > 88)
  --> docs/superpowers/evidence/task5-continuity-recovery-d6ba92d8/guest-push-checks.py:53:89
   |
51 |     check('ruff-check', [python, '-m', 'ruff', 'check', '--select=E,F,I', *python_files], env, len(python_files))
52 |     check('ruff-format', [python, '-m', 'ruff', 'format', '--check', *python_files], env, len(python_files))
53 |     check('eslint', ['node', 'node_modules/eslint/bin/eslint.js', '--no-warn-ignored', *js_files], env, len(js_files))
   |                                                                                         ^^^^^^^^^^^^^^^^^^^^^^^^^^^^^^
54 |     for name in js_files:
55 |         check('syntax-' + hashlib.sha256(name.encode()).hexdigest()[:8], ['node', '--check', name], env, 1)
   |

E501 Line too long (107 > 88)
  --> docs/superpowers/evidence/task5-continuity-recovery-d6ba92d8/guest-push-checks.py:55:89
   |
53 |     check('eslint', ['node', 'node_modules/eslint/bin/eslint.js', '--no-warn-ignored', *js_files], env, len(js_files))
54 |     for name in js_files:
55 |         check('syntax-' + hashlib.sha256(name.encode()).hexdigest()[:8], ['node', '--check', name], env, 1)
   |                                                                                         ^^^^^^^^^^^^^^^^^^^
56 |     selfcheck = "import sys; sys.path.insert(0, sys.argv[1]); import sonar_pr_issues as s; raise SystemExit(s.self_check(sys.argv[3:],…
57 |     self_env = {**env, 'PATH': str(venv / 'bin') + os.pathsep + env['PATH']}
   |

E501 Line too long (154 > 88)
  --> docs/superpowers/evidence/task5-continuity-recovery-d6ba92d8/guest-push-checks.py:56:89
   |
54 | …
55 | ….hexdigest()[:8], ['node', '--check', name], env, 1)
56 | …v[1]); import sonar_pr_issues as s; raise SystemExit(s.self_check(sys.argv[3:], base=sys.argv[2]))"
   |                                   ^^^^^^^^^^^^^^^^^^^^^^^^^^^^^^^^^^^^^^^^^^^^^^^^^^^^^^^^^^^^^^^^^^
57 | …athsep + env['PATH']}
58 | … str(run), 'c0ceebc70d892398870f93dba9af522f870ccc08', *python_files], self_env, len(python_files))
   |

E501 Line too long (154 > 88)
  --> docs/superpowers/evidence/task5-continuity-recovery-d6ba92d8/guest-push-checks.py:58:89
   |
56 | …v[1]); import sonar_pr_issues as s; raise SystemExit(s.self_check(sys.argv[3:], base=sys.argv[2]))"
57 | …athsep + env['PATH']}
58 | … str(run), 'c0ceebc70d892398870f93dba9af522f870ccc08', *python_files], self_env, len(python_files))
   |                                   ^^^^^^^^^^^^^^^^^^^^^^^^^^^^^^^^^^^^^^^^^^^^^^^^^^^^^^^^^^^^^^^^^^
59 | …he host authoring surface.
60 | …select=I', '--fix', *python_files], source, env, 180)
   |

E501 Line too long (108 > 88)
  --> docs/superpowers/evidence/task5-continuity-recovery-d6ba92d8/guest-push-checks.py:60:89
   |
58 |     check('s3776-self-check', [python, '-c', selfcheck, str(run), 'c0ceebc70d892398870f93dba9af522f870ccc08', *python_files], self_env…
59 |     # Produce only a guest formatting/import diff for the host authoring surface.
60 |     q.guest_command([python, '-m', 'ruff', 'check', '--select=I', '--fix', *python_files], source, env, 180)
   |                                                                                         ^^^^^^^^^^^^^^^^^^^^
61 |     q.guest_command([python, '-m', 'ruff', 'format', *python_files], source, env, 180)
62 |     patch = subprocess.run(['git', 'diff', '--binary'], cwd=source, capture_output=True, check=True).stdout
   |

E501 Line too long (107 > 88)
  --> docs/superpowers/evidence/task5-continuity-recovery-d6ba92d8/guest-push-checks.py:62:89
   |
60 |     q.guest_command([python, '-m', 'ruff', 'check', '--select=I', '--fix', *python_files], source, env, 180)
61 |     q.guest_command([python, '-m', 'ruff', 'format', *python_files], source, env, 180)
62 |     patch = subprocess.run(['git', 'diff', '--binary'], cwd=source, capture_output=True, check=True).stdout
   |                                                                                         ^^^^^^^^^^^^^^^^^^^
63 |     (out / 'format.patch').write_bytes(patch)
64 |     if secret.exists():
   |

E501 Line too long (96 > 88)
  --> docs/superpowers/evidence/task5-continuity-recovery-d6ba92d8/guest-push-checks.py:67:89
   |
65 |         scanner = run / 'sonar'
66 |         url = 'https://binaries.sonarsource.com/Distribution/sonarqube-cli/1.9.0.15656/macos/sonarqube-cli-1.9.0.15656-macos-arm64.bin'
67 |         with urllib.request.urlopen(url, timeout=120) as incoming, scanner.open('xb') as stream:
   |                                                                                         ^^^^^^^^
68 |             __import__('shutil').copyfileobj(incoming, stream)
69 |         q.require(q.sha256(scanner) == '8de8ec62c3614a9abb7053114fda85b9460b6ebdbca7bb612c6e58dc88ab2015', 'Scanner pin mismatch')
   |

E501 Line too long (130 > 88)
  --> docs/superpowers/evidence/task5-continuity-recovery-d6ba92d8/guest-push-checks.py:69:89
   |
67 |         with urllib.request.urlopen(url, timeout=120) as incoming, scanner.open('xb') as stream:
68 |             __import__('shutil').copyfileobj(incoming, stream)
69 |         q.require(q.sha256(scanner) == '8de8ec62c3614a9abb7053114fda85b9460b6ebdbca7bb612c6e58dc88ab2015', 'Scanner pin mismatch')
   |                                                                                         ^^^^^^^^^^^^^^^^^^^^^^^^^^^^^^^^^^^^^^^^^^
70 |         scanner.chmod(0o700)
71 |         env.update(SONARQUBE_CLI_TOKEN=secret.read_text(), SONARQUBE_CLI_ORG='lieberman-family-office')
   |

E501 Line too long (103 > 88)
  --> docs/superpowers/evidence/task5-continuity-recovery-d6ba92d8/guest-push-checks.py:71:89
   |
69 |         q.require(q.sha256(scanner) == '8de8ec62c3614a9abb7053114fda85b9460b6ebdbca7bb612c6e58dc88ab2015', 'Scanner pin mismatch')
70 |         scanner.chmod(0o700)
71 |         env.update(SONARQUBE_CLI_TOKEN=secret.read_text(), SONARQUBE_CLI_ORG='lieberman-family-office')
   |                                                                                         ^^^^^^^^^^^^^^^
72 |         check('sonar-secrets', [str(scanner), 'analyze', 'secrets', *changed], env, len(changed), 600)
73 |     else:
   |

E501 Line too long (102 > 88)
  --> docs/superpowers/evidence/task5-continuity-recovery-d6ba92d8/guest-push-checks.py:72:89
   |
70 |         scanner.chmod(0o700)
71 |         env.update(SONARQUBE_CLI_TOKEN=secret.read_text(), SONARQUBE_CLI_ORG='lieberman-family-office')
72 |         check('sonar-secrets', [str(scanner), 'analyze', 'secrets', *changed], env, len(changed), 600)
   |                                                                                         ^^^^^^^^^^^^^^
73 |     else:
74 |         checks.append({'name': 'sonar-secrets', 'exit_code': None, 'subjects': len(changed), 'failure': 'Existing scanner credential m…
   |

E501 Line too long (143 > 88)
  --> docs/superpowers/evidence/task5-continuity-recovery-d6ba92d8/guest-push-checks.py:74:89
   |
72 | …alyze', 'secrets', *changed], env, len(changed), 600)
73 | …
74 | …exit_code': None, 'subjects': len(changed), 'failure': 'Existing scanner credential missing'})
   |                                         ^^^^^^^^^^^^^^^^^^^^^^^^^^^^^^^^^^^^^^^^^^^^^^^^^^^^^^^
75 | …
76 | …
   |

E501 Line too long (243 > 88)
  --> docs/superpowers/evidence/task5-continuity-recovery-d6ba92d8/guest-push-checks.py:77:89
   |
75 | …
76 | …
77 | …, 'namespace': binding['namespace'], 'checks': checks, 'success': bool(checks) and all(item.get('exit_code') == 0 and item['subjects'] > 0 for item in checks)})
   |       ^^^^^^^^^^^^^^^^^^^^^^^^^^^^^^^^^^^^^^^^^^^^^^^^^^^^^^^^^^^^^^^^^^^^^^^^^^^^^^^^^^^^^^^^^^^^^^^^^^^^^^^^^^^^^^^^^^^^^^^^^^^^^^^^^^^^^^^^^^^^^^^^^^^^^^^^^^^
78 | …rdir() if p.is_file() and p.stat().st_size > 0}})
   |

E501 Line too long (132 > 88)
  --> docs/superpowers/evidence/task5-continuity-recovery-d6ba92d8/guest-push-checks.py:78:89
   |
76 | …
77 | …ource_commit': binding['source_commit'], 'namespace': binding['namespace'], 'checks': checks, 'success': bool(checks) and all(item.ge…
78 | …: {p.name: q.sha256(p) for p in out.iterdir() if p.is_file() and p.stat().st_size > 0}})
   |                                              ^^^^^^^^^^^^^^^^^^^^^^^^^^^^^^^^^^^^^^^^^^^^
   |

I001 [*] Import block is un-sorted or un-formatted
  --> docs/superpowers/evidence/task5-continuity-recovery-d6ba92d8/guest-reproduce.py:3:1
   |
 1 |   #!/usr/bin/env python3
 2 |   """Run the current packaged fixture inside the approved Namespace guest only."""
 3 | / import hashlib
 4 | | import importlib.util
 5 | | import json
 6 | | import os
 7 | | from pathlib import Path
 8 | | import subprocess
 9 | | import sys
   | |__________^
10 |
11 |   run = Path(sys.argv[1])
   |
help: Organize imports

F401 [*] `hashlib` imported but unused
 --> docs/superpowers/evidence/task5-continuity-recovery-d6ba92d8/guest-reproduce.py:3:8
  |
1 | #!/usr/bin/env python3
2 | """Run the current packaged fixture inside the approved Namespace guest only."""
3 | import hashlib
  |        ^^^^^^^
4 | import importlib.util
5 | import json
  |
help: Remove unused import: `hashlib`

E501 Line too long (104 > 88)
  --> docs/superpowers/evidence/task5-continuity-recovery-d6ba92d8/guest-reproduce.py:13:89
   |
11 | run = Path(sys.argv[1])
12 | source = run / 'source'
13 | spec = importlib.util.spec_from_file_location('qualifier', source / 'scripts/mac/9router_vm_qualify.py')
   |                                                                                         ^^^^^^^^^^^^^^^^
14 | q = importlib.util.module_from_spec(spec)
15 | spec.loader.exec_module(q)
   |

E501 Line too long (211 > 88)
  --> docs/superpowers/evidence/task5-continuity-recovery-d6ba92d8/guest-reproduce.py:22:89
   |
20 | …
21 | …
22 | …alification', 'source_commit': binding['source_commit'], 'namespace': binding['namespace'], 'checks': results, 'success': False}
   |       ^^^^^^^^^^^^^^^^^^^^^^^^^^^^^^^^^^^^^^^^^^^^^^^^^^^^^^^^^^^^^^^^^^^^^^^^^^^^^^^^^^^^^^^^^^^^^^^^^^^^^^^^^^^^^^^^^^^^^^^^^^^
23 | …
24 | …
   |

E501 Line too long (97 > 88)
  --> docs/superpowers/evidence/task5-continuity-recovery-d6ba92d8/guest-reproduce.py:27:89
   |
25 |     try:
26 |         log = q.guest_command(argv, cwd, env, timeout, expected_exit=expected)
27 |         results.append({'name': name, 'exit_code': expected, 'command': argv, 'where': str(cwd)})
   |                                                                                         ^^^^^^^^^
28 |         (evidence / (name + '.log')).write_text(log)
29 |         return log
   |

E501 Line too long (126 > 88)
  --> docs/superpowers/evidence/task5-continuity-recovery-d6ba92d8/guest-reproduce.py:32:89
   |
30 |     except BaseException as error:
31 |         (evidence / (name + '.log')).write_text(str(error) + '\n')
32 |         results.append({'name': name, 'exit_code': None, 'command': argv, 'failure': type(error).__name__, 'where': str(cwd)})
   |                                                                                         ^^^^^^^^^^^^^^^^^^^^^^^^^^^^^^^^^^^^^^
33 |         raise
   |

E501 Line too long (117 > 88)
  --> docs/superpowers/evidence/task5-continuity-recovery-d6ba92d8/guest-reproduce.py:36:89
   |
35 | try:
36 |     q.require(q.output(['git', 'rev-parse', 'HEAD'], source) == binding['source_commit'], 'source revision mismatch')
   |                                                                                         ^^^^^^^^^^^^^^^^^^^^^^^^^^^^^
37 |     for name, digest in binding['source_files'].items():
38 |         q.require(q.sha256(source / name) == digest, 'source file mismatch: ' + name)
   |

E501 Line too long (107 > 88)
  --> docs/superpowers/evidence/task5-continuity-recovery-d6ba92d8/guest-reproduce.py:39:89
   |
37 |     for name, digest in binding['source_files'].items():
38 |         q.require(q.sha256(source / name) == digest, 'source file mismatch: ' + name)
39 |     q.require(q.sha256(source / 'qualification.patch') == binding['source_patch_sha256'], 'patch mismatch')
   |                                                                                         ^^^^^^^^^^^^^^^^^^^
40 |     q.runtime_preflight(binding, run)
41 |     env = q.isolated_environment(run / 'build-home', source)
   |

E501 Line too long (97 > 88)
  --> docs/superpowers/evidence/task5-continuity-recovery-d6ba92d8/guest-reproduce.py:47:89
   |
45 |         data = (source / q.TEST_LOCK).read_bytes()
46 |         lock.write_bytes(data)
47 |     for folder, name in [(source, 'root'), (source / 'tests', 'tests'), (source / 'cli', 'cli')]:
   |                                                                                         ^^^^^^^^^
48 |         manifest = json.loads((folder / 'package.json').read_text())
49 |         data = json.loads((folder / 'package-lock.json').read_text())
   |

E501 Line too long (111 > 88)
  --> docs/superpowers/evidence/task5-continuity-recovery-d6ba92d8/guest-reproduce.py:51:89
   |
49 |         data = json.loads((folder / 'package-lock.json').read_text())
50 |         for key in ['dependencies', 'devDependencies', 'optionalDependencies']:
51 |             q.require(manifest.get(key, {}) == data['packages'][''].get(key, {}), 'locked dependency mismatch')
   |                                                                                         ^^^^^^^^^^^^^^^^^^^^^^^
52 |         check('dependencies-' + name, ['npm', 'ci', '--ignore-scripts', '--include=dev', '--include=optional', '--no-audit', '--no-fun…
53 |     # Regressions run on unchanged baseline and fixed source in separate mirrors.
   |

E501 Line too long (157 > 88)
  --> docs/superpowers/evidence/task5-continuity-recovery-d6ba92d8/guest-reproduce.py:52:89
   |
50 | …optionalDependencies']:
51 | …kages'][''].get(key, {}), 'locked dependency mismatch')
52 | …gnore-scripts', '--include=dev', '--include=optional', '--no-audit', '--no-fund'], folder, env, 1200)
   |                                  ^^^^^^^^^^^^^^^^^^^^^^^^^^^^^^^^^^^^^^^^^^^^^^^^^^^^^^^^^^^^^^^^^^^^^
53 | …urce in separate mirrors.
54 | …
   |

E501 Line too long (223 > 88)
  --> docs/superpowers/evidence/task5-continuity-recovery-d6ba92d8/guest-reproduce.py:55:89
   |
53 | …
54 | …
55 | …source)) + '; export default {root,test:{environment:"node",globals:true},resolve:{alias:[{find:"@",replacement:path.join(root,"src")}]}};')
   |       ^^^^^^^^^^^^^^^^^^^^^^^^^^^^^^^^^^^^^^^^^^^^^^^^^^^^^^^^^^^^^^^^^^^^^^^^^^^^^^^^^^^^^^^^^^^^^^^^^^^^^^^^^^^^^^^^^^^^^^^^^^^^^^^^^^^^^^^
56 | …
57 | …irror)], check=True, capture_output=True)
   |

E501 Line too long (124 > 88)
  --> docs/superpowers/evidence/task5-continuity-recovery-d6ba92d8/guest-reproduce.py:57:89
   |
55 |     config.write_text('import path from "node:path"; const root=' + json.dumps(str(source)) + '; export default {root,test:{environmen…
56 |     mirror = run / 'baseline-mirror'
57 |     subprocess.run(['git', 'clone', '--shared', '--no-checkout', str(source), str(mirror)], check=True, capture_output=True)
   |                                                                                         ^^^^^^^^^^^^^^^^^^^^^^^^^^^^^^^^^^^^
58 |     subprocess.run(['git', 'checkout', '--detach', 'c0ceebc70d892398870f93dba9af522f870ccc08'], cwd=mirror, check=True, capture_output…
59 |     for name in ['custom-server-ws-ownership.test.cjs', 'passthrough-done.test.js']:
   |

E501 Line too long (140 > 88)
  --> docs/superpowers/evidence/task5-continuity-recovery-d6ba92d8/guest-reproduce.py:58:89
   |
56 | …
57 | …'--no-checkout', str(source), str(mirror)], check=True, capture_output=True)
58 | …', 'c0ceebc70d892398870f93dba9af522f870ccc08'], cwd=mirror, check=True, capture_output=True)
   |                                          ^^^^^^^^^^^^^^^^^^^^^^^^^^^^^^^^^^^^^^^^^^^^^^^^^^^^
59 | …t.cjs', 'passthrough-done.test.js']:
60 | …es((source / 'tests/unit' / name).read_bytes())
   |

E501 Line too long (95 > 88)
  --> docs/superpowers/evidence/task5-continuity-recovery-d6ba92d8/guest-reproduce.py:60:89
   |
58 |     subprocess.run(['git', 'checkout', '--detach', 'c0ceebc70d892398870f93dba9af522f870ccc08'], cwd=mirror, check=True, capture_output…
59 |     for name in ['custom-server-ws-ownership.test.cjs', 'passthrough-done.test.js']:
60 |         (mirror / 'tests/unit' / name).write_bytes((source / 'tests/unit' / name).read_bytes())
   |                                                                                         ^^^^^^^
61 |     (mirror / 'node_modules').symlink_to(source / 'node_modules')
62 |     mirror_config = run / 'baseline-vitest.config.mjs'
   |

E501 Line too long (97 > 88)
  --> docs/superpowers/evidence/task5-continuity-recovery-d6ba92d8/guest-reproduce.py:65:89
   |
63 |     mirror_config.write_text(config.read_text().replace(str(source), str(mirror)))
64 |     for label, argv, directory in [
65 |         ('ws-red', ['node', '--test', 'tests/unit/custom-server-ws-ownership.test.cjs'], mirror),
   |                                                                                         ^^^^^^^^^
66 |         ('sse-red', ['node', str(source / 'tests/node_modules/vitest/vitest.mjs'), 'run', '--config', str(mirror_config), 'tests/unit/…
67 |         ('ws-green', ['node', '--test', 'tests/unit/custom-server-ws-ownership.test.cjs'], source),
   |

E501 Line too long (192 > 88)
  --> docs/superpowers/evidence/task5-continuity-recovery-d6ba92d8/guest-reproduce.py:66:89
   |
64 | …
65 | …ip.test.cjs'], mirror),
66 | …t.mjs'), 'run', '--config', str(mirror_config), 'tests/unit/passthrough-done.test.js', '--reporter=verbose'], mirror),
   |                ^^^^^^^^^^^^^^^^^^^^^^^^^^^^^^^^^^^^^^^^^^^^^^^^^^^^^^^^^^^^^^^^^^^^^^^^^^^^^^^^^^^^^^^^^^^^^^^^^^^^^^^^
67 | …ship.test.cjs'], source),
68 | …n', '--config', str(config), 'tests/unit/passthrough-done.test.js', '--reporter=verbose'], source),
   |

E501 Line too long (99 > 88)
  --> docs/superpowers/evidence/task5-continuity-recovery-d6ba92d8/guest-reproduce.py:67:89
   |
65 |         ('ws-red', ['node', '--test', 'tests/unit/custom-server-ws-ownership.test.cjs'], mirror),
66 |         ('sse-red', ['node', str(source / 'tests/node_modules/vitest/vitest.mjs'), 'run', '--config', str(mirror_config), 'tests/unit/…
67 |         ('ws-green', ['node', '--test', 'tests/unit/custom-server-ws-ownership.test.cjs'], source),
   |                                                                                         ^^^^^^^^^^^
68 |         ('sse-green', ['node', 'tests/node_modules/vitest/vitest.mjs', 'run', '--config', str(config), 'tests/unit/passthrough-done.te…
69 |     ]:
   |

E501 Line too long (173 > 88)
  --> docs/superpowers/evidence/task5-continuity-recovery-d6ba92d8/guest-reproduce.py:68:89
   |
66 | …test/vitest.mjs'), 'run', '--config', str(mirror_config), 'tests/unit/passthrough-done.test.js', '--reporter=verbose'], mirror),
67 | …r-ws-ownership.test.cjs'], source),
68 | ….mjs', 'run', '--config', str(config), 'tests/unit/passthrough-done.test.js', '--reporter=verbose'], source),
   |                          ^^^^^^^^^^^^^^^^^^^^^^^^^^^^^^^^^^^^^^^^^^^^^^^^^^^^^^^^^^^^^^^^^^^^^^^^^^^^^^^^^^^^^
69 | …
70 | …d=1 if label.endswith('-red') else 0)
   |

E501 Line too long (101 > 88)
  --> docs/superpowers/evidence/task5-continuity-recovery-d6ba92d8/guest-reproduce.py:70:89
   |
68 |         ('sse-green', ['node', 'tests/node_modules/vitest/vitest.mjs', 'run', '--config', str(config), 'tests/unit/passthrough-done.te…
69 |     ]:
70 |         output = check(label, argv, directory, env, 120, expected=1 if label.endswith('-red') else 0)
   |                                                                                         ^^^^^^^^^^^^^
71 |         if label == 'ws-red':
72 |             q.require('Responses socket was ended by competing app-route handler' in output or 'Responses terminal missing' in output …
   |

E501 Line too long (234 > 88)
  --> docs/superpowers/evidence/task5-continuity-recovery-d6ba92d8/guest-reproduce.py:72:89
   |
70 | …th('-red') else 0)
71 | …
72 | …n output or 'Responses terminal missing' in output or ('socket hang up' in output and "code: 'ECONNRESET'" in output), 'wrong WebSocket RED assertion')
   |       ^^^^^^^^^^^^^^^^^^^^^^^^^^^^^^^^^^^^^^^^^^^^^^^^^^^^^^^^^^^^^^^^^^^^^^^^^^^^^^^^^^^^^^^^^^^^^^^^^^^^^^^^^^^^^^^^^^^^^^^^^^^^^^^^^^^^^^^^^^^^^^^^^^
73 | …
74 | …ssertion')
   |

E501 Line too long (93 > 88)
  --> docs/superpowers/evidence/task5-continuity-recovery-d6ba92d8/guest-reproduce.py:74:89
   |
72 |             q.require('Responses socket was ended by competing app-route handler' in output or 'Responses terminal missing' in output …
73 |         if label == 'sse-red':
74 |             q.require('to have a length of 1 but got 2' in output, 'wrong SSE RED assertion')
   |                                                                                         ^^^^^
75 |     record['versions'] = {'node': q.output(['node', '--version']), 'npm': q.output(['npm', '--version']), 'python': q.output(['python3…
76 |     record['locked_dependencies'] = {str(p.relative_to(source)): q.sha256(p) for p in [source / 'package-lock.json', source / 'tests/p…
   |

E501 Line too long (286 > 88)
  --> docs/superpowers/evidence/task5-continuity-recovery-d6ba92d8/guest-reproduce.py:75:89
   |
73 | …
74 | …ssertion')
75 | …['npm', '--version']), 'python': q.output(['python3', '--version']), 'caddy': q.output(['caddy', 'version']), 'macos': q.output(['sw_vers', '-productVersion']), 'architecture': q.output(['uname', '-m'])}
   |       ^^^^^^^^^^^^^^^^^^^^^^^^^^^^^^^^^^^^^^^^^^^^^^^^^^^^^^^^^^^^^^^^^^^^^^^^^^^^^^^^^^^^^^^^^^^^^^^^^^^^^^^^^^^^^^^^^^^^^^^^^^^^^^^^^^^^^^^^^^^^^^^^^^^^^^^^^^^^^^^^^^^^^^^^^^^^^^^^^^^^^^^^^^^^^^^^^^^^^^
76 | …in [source / 'package-lock.json', source / 'tests/package-lock.json', source / 'cli/package-lock.json']}
77 | …
   |

E501 Line too long (187 > 88)
  --> docs/superpowers/evidence/task5-continuity-recovery-d6ba92d8/guest-reproduce.py:76:89
   |
74 | …ng SSE RED assertion')
75 | …': q.output(['npm', '--version']), 'python': q.output(['python3', '--version']), 'caddy': q.output(['caddy', 'version']), 'macos': q.…
76 | …56(p) for p in [source / 'package-lock.json', source / 'tests/package-lock.json', source / 'cli/package-lock.json']}
   |                   ^^^^^^^^^^^^^^^^^^^^^^^^^^^^^^^^^^^^^^^^^^^^^^^^^^^^^^^^^^^^^^^^^^^^^^^^^^^^^^^^^^^^^^^^^^^^^^^^^^^
77 | …800)
78 | …stination', str(run), '--json'], source / 'cli', env, 300)
   |

E501 Line too long (129 > 88)
  --> docs/superpowers/evidence/task5-continuity-recovery-d6ba92d8/guest-reproduce.py:78:89
   |
76 |     record['locked_dependencies'] = {str(p.relative_to(source)): q.sha256(p) for p in [source / 'package-lock.json', source / 'tests/p…
77 |     check('build', ['node', 'cli/scripts/build-cli.js'], source, env, 1800)
78 |     pack = check('pack', ['npm', 'pack', '--ignore-scripts', '--pack-destination', str(run), '--json'], source / 'cli', env, 300)
   |                                                                                         ^^^^^^^^^^^^^^^^^^^^^^^^^^^^^^^^^^^^^^^^^
79 |     packed = json.loads(pack)
80 |     q.require(len(packed) == 1, 'package population mismatch')
   |

E501 Line too long (107 > 88)
  --> docs/superpowers/evidence/task5-continuity-recovery-d6ba92d8/guest-reproduce.py:85:89
   |
83 |     binding['tgz'] = str(tarball)
84 |     binding['sha256'] = q.package_preflight(tarball)
85 |     record.update(tarball=tarball.name, sha256=binding['sha256'], runtime_sha256=binding['runtime_sha256'])
   |                                                                                         ^^^^^^^^^^^^^^^^^^^
86 |     q.new_json(evidence / 'binding.json', binding)
87 |     scope_path, scope, manifest = q.prepare_scope(tarball, binding, install=False)
   |

E501 Line too long (340 > 88)
  --> docs/superpowers/evidence/task5-continuity-recovery-d6ba92d8/guest-reproduce.py:92:89
   |
90 | …
91 | …
92 | …tswap.check.mjs'), str(source), package['tarball'], binding['sha256'], str(evidence / 'packaged-result.json'), scope['home'], str(scope_path)], cwd=source, env=fixture_env, stdout=subprocess.PIPE, stderr=subprocess.STDOUT, text=True, start_new_session=True)
   |       ^^^^^^^^^^^^^^^^^^^^^^^^^^^^^^^^^^^^^^^^^^^^^^^^^^^^^^^^^^^^^^^^^^^^^^^^^^^^^^^^^^^^^^^^^^^^^^^^^^^^^^^^^^^^^^^^^^^^^^^^^^^^^^^^^^^^^^^^^^^^^^^^^^^^^^^^^^^^^^^^^^^^^^^^^^^^^^^^^^^^^^^^^^^^^^^^^^^^^^^^^^^^^^^^^^^^^^^^^^^^^^^^^^^^^^^^^^^^^^^^^^^^^^^^^^^^
93 | …
94 | …
   |

E501 Line too long (103 > 88)
   --> docs/superpowers/evidence/task5-continuity-recovery-d6ba92d8/guest-reproduce.py:104:89
    |
102 |                 process.wait(timeout=10)
103 |     (evidence / 'fixture.log').write_text(log)
104 |     results.append({'name': 'packaged-fixture', 'exit_code': process.returncode, 'where': str(source)})
    |                                                                                         ^^^^^^^^^^^^^^^
105 |     fixture = q.private_json(evidence / 'packaged-result.json')
106 |     record['success'] = process.returncode == 0 and fixture.get('success') is True
    |

E501 Line too long (183 > 88)
   --> docs/superpowers/evidence/task5-continuity-recovery-d6ba92d8/guest-reproduce.py:114:89
    |
112 | …
113 | …
114 | …) for p in evidence.iterdir() if p.is_file()}, 'tarball': record.get('tarball'), 'sha256': record.get('sha256')})
    |                    ^^^^^^^^^^^^^^^^^^^^^^^^^^^^^^^^^^^^^^^^^^^^^^^^^^^^^^^^^^^^^^^^^^^^^^^^^^^^^^^^^^^^^^^^^^^^^^^
    |

E501 Line too long (91 > 88)
 --> docs/superpowers/evidence/task5-continuity-recovery-d6ba92d8/guest-signin-complete.py:2:89
  |
1 | #!/usr/bin/env python3
2 | """Complete the retained guest enrollment after actual independent sign-in confirmation."""
  |                                                                                         ^^^
3 | import importlib.util
4 | import json
  |

I001 [*] Import block is un-sorted or un-formatted
  --> docs/superpowers/evidence/task5-continuity-recovery-d6ba92d8/guest-signin-complete.py:3:1
   |
 1 |   #!/usr/bin/env python3
 2 |   """Complete the retained guest enrollment after actual independent sign-in confirmation."""
 3 | / import importlib.util
 4 | | import json
 5 | | import os
 6 | | from pathlib import Path
 7 | | import sqlite3
 8 | | import sys
   | |__________^
 9 |
10 |   run = Path(sys.argv[1])
   |
help: Organize imports

E501 Line too long (108 > 88)
  --> docs/superpowers/evidence/task5-continuity-recovery-d6ba92d8/guest-signin-complete.py:11:89
   |
10 | run = Path(sys.argv[1])
11 | spec = importlib.util.spec_from_file_location('qualifier', run / 'source/scripts/mac/9router_vm_qualify.py')
   |                                                                                         ^^^^^^^^^^^^^^^^^^^^
12 | q = importlib.util.module_from_spec(spec)
13 | spec.loader.exec_module(q)
   |

E501 Line too long (140 > 88)
  --> docs/superpowers/evidence/task5-continuity-recovery-d6ba92d8/guest-signin-complete.py:21:89
   |
19 | …kpoint.json')
20 | …n.json')
21 | …h providers have been signed into and authenticated', 'Actual sign-in confirmation missing')
   |                                          ^^^^^^^^^^^^^^^^^^^^^^^^^^^^^^^^^^^^^^^^^^^^^^^^^^^^
22 | …
23 | …
   |

E501 Line too long (99 > 88)
  --> docs/superpowers/evidence/task5-continuity-recovery-d6ba92d8/guest-signin-complete.py:24:89
   |
22 | home = Path(checkpoint['home'])
23 | os.environ['HOME'] = str(home)
24 | with sqlite3.connect('file:' + str(home / '.9router/db/data.sqlite') + '?mode=ro', uri=True) as db:
   |                                                                                         ^^^^^^^^^^^
25 |     counts = {row[0]: row[1] for row in db.execute("SELECT provider,count(*) FROM providerConnections WHERE isActive=1 AND authType='o…
26 |     keys = db.execute('SELECT count(*) FROM apiKeys WHERE isActive=1').fetchone()[0]
   |

E501 Line too long (195 > 88)
  --> docs/superpowers/evidence/task5-continuity-recovery-d6ba92d8/guest-signin-complete.py:25:89
   |
23 | …
24 | …de=ro', uri=True) as db:
25 | …) FROM providerConnections WHERE isActive=1 AND authType='oauth' AND provider IN ('codex','claude') GROUP BY provider")}
   |               ^^^^^^^^^^^^^^^^^^^^^^^^^^^^^^^^^^^^^^^^^^^^^^^^^^^^^^^^^^^^^^^^^^^^^^^^^^^^^^^^^^^^^^^^^^^^^^^^^^^^^^^^^^^
26 | …hone()[0]
27 | …')) and keys > 0, 'Guest provider or API key population absent')
   |

E501 Line too long (139 > 88)
  --> docs/superpowers/evidence/task5-continuity-recovery-d6ba92d8/guest-signin-complete.py:27:89
   |
25 | …ute("SELECT provider,count(*) FROM providerConnections WHERE isActive=1 AND authType='oauth' AND provider IN ('codex','claude') GROUP…
26 | …Keys WHERE isActive=1').fetchone()[0]
27 | …rovider in ('codex', 'claude')) and keys > 0, 'Guest provider or API key population absent')
   |                                           ^^^^^^^^^^^^^^^^^^^^^^^^^^^^^^^^^^^^^^^^^^^^^^^^^^^
28 | …
29 | …int['scope']))
   |

E501 Line too long (126 > 88)
  --> docs/superpowers/evidence/task5-continuity-recovery-d6ba92d8/guest-signin-complete.py:32:89
   |
30 | with controller.deployment_lock():
31 |     state = controller.reconcile_locked()
32 |     q.require(state.get('enrollment') == 'complete' and state.get('pending') is None, 'Enrollment readiness did not complete')
   |                                                                                         ^^^^^^^^^^^^^^^^^^^^^^^^^^^^^^^^^^^^^^
33 | baseline = {'protocol': 1, 'run_id': binding['run_id'], 'devbox_id': binding['namespace']['devbox_id'], 'credential_origin': 'guest-ow…
34 | q.require(not q.BASELINE.exists(), 'Existing baseline marker must not be overwritten')
   |

E501 Line too long (350 > 88)
  --> docs/superpowers/evidence/task5-continuity-recovery-d6ba92d8/guest-signin-complete.py:33:89
   |
31 | …
32 | …e, 'Enrollment readiness did not complete')
33 | …pace']['devbox_id'], 'credential_origin': 'guest-owned', 'scope': checkpoint['scope'], 'source_commit': binding['source_commit'], 'sha256': binding['sha256'], 'authentication_confirmation': confirmation, 'active_provider_counts': counts, 'active_api_key_count': keys}
   |       ^^^^^^^^^^^^^^^^^^^^^^^^^^^^^^^^^^^^^^^^^^^^^^^^^^^^^^^^^^^^^^^^^^^^^^^^^^^^^^^^^^^^^^^^^^^^^^^^^^^^^^^^^^^^^^^^^^^^^^^^^^^^^^^^^^^^^^^^^^^^^^^^^^^^^^^^^^^^^^^^^^^^^^^^^^^^^^^^^^^^^^^^^^^^^^^^^^^^^^^^^^^^^^^^^^^^^^^^^^^^^^^^^^^^^^^^^^^^^^^^^^^^^^^^^^^^^^^^^^^^^^
34 | …n')
35 | …
   |

E501 Line too long (287 > 88)
  --> docs/superpowers/evidence/task5-continuity-recovery-d6ba92d8/guest-signin-complete.py:36:89
   |
34 | …n')
35 | …
36 | …ng['namespace'], 'runtime_sha256': binding['runtime_sha256'], 'enrollment': 'complete', 'readiness_probe': 'mandatory controller private and public authenticated completion', 'production_touched': False})
   |       ^^^^^^^^^^^^^^^^^^^^^^^^^^^^^^^^^^^^^^^^^^^^^^^^^^^^^^^^^^^^^^^^^^^^^^^^^^^^^^^^^^^^^^^^^^^^^^^^^^^^^^^^^^^^^^^^^^^^^^^^^^^^^^^^^^^^^^^^^^^^^^^^^^^^^^^^^^^^^^^^^^^^^^^^^^^^^^^^^^^^^^^^^^^^^^^^^^^^^^^
37 | …active_api_key_count': keys, 'run_id': binding['run_id'], 'sha256': binding['sha256']}))
   |

E501 Line too long (171 > 88)
  --> docs/superpowers/evidence/task5-continuity-recovery-d6ba92d8/guest-signin-complete.py:37:89
   |
35 | …
36 | …, 'namespace': binding['namespace'], 'runtime_sha256': binding['runtime_sha256'], 'enrollment': 'complete', 'readiness_probe': 'manda…
37 | …r_counts': counts, 'active_api_key_count': keys, 'run_id': binding['run_id'], 'sha256': binding['sha256']}))
   |                           ^^^^^^^^^^^^^^^^^^^^^^^^^^^^^^^^^^^^^^^^^^^^^^^^^^^^^^^^^^^^^^^^^^^^^^^^^^^^^^^^^^^
   |

E501 Line too long (90 > 88)
 --> docs/superpowers/evidence/task5-continuity-recovery-d6ba92d8/guest-signin.py:2:89
  |
1 | #!/usr/bin/env python3
2 | """Guest-only baseline preparation. Do not perform provider probes before confirmation."""
  |                                                                                         ^^
3 | import importlib.util
4 | import json
  |

I001 [*] Import block is un-sorted or un-formatted
  --> docs/superpowers/evidence/task5-continuity-recovery-d6ba92d8/guest-signin.py:3:1
   |
 1 |   #!/usr/bin/env python3
 2 |   """Guest-only baseline preparation. Do not perform provider probes before confirmation."""
 3 | / import importlib.util
 4 | | import json
 5 | | import os
 6 | | from pathlib import Path
 7 | | import subprocess
 8 | | import sys
   | |__________^
 9 |
10 |   run = Path(sys.argv[1])
   |
help: Organize imports

F401 [*] `subprocess` imported but unused
 --> docs/superpowers/evidence/task5-continuity-recovery-d6ba92d8/guest-signin.py:7:8
  |
5 | import os
6 | from pathlib import Path
7 | import subprocess
  |        ^^^^^^^^^^
8 | import sys
  |
help: Remove unused import: `subprocess`

E501 Line too long (104 > 88)
  --> docs/superpowers/evidence/task5-continuity-recovery-d6ba92d8/guest-signin.py:12:89
   |
10 | run = Path(sys.argv[1])
11 | source = run / 'source'
12 | spec = importlib.util.spec_from_file_location('qualifier', source / 'scripts/mac/9router_vm_qualify.py')
   |                                                                                         ^^^^^^^^^^^^^^^^
13 | q = importlib.util.module_from_spec(spec)
14 | spec.loader.exec_module(q)
   |

E501 Line too long (102 > 88)
  --> docs/superpowers/evidence/task5-continuity-recovery-d6ba92d8/guest-signin.py:23:89
   |
21 | evidence.mkdir(mode=0o700)
22 | try:
23 |     q.require(not q.BASELINE.exists(), 'Existing guest baseline must be preserved; do not replace it')
   |                                                                                         ^^^^^^^^^^^^^^
24 |     locks, python, log = q.provision_dependencies(binding, run)
25 |     (evidence / 'dependencies.log').write_text(log)
   |

E501 Line too long (115 > 88)
  --> docs/superpowers/evidence/task5-continuity-recovery-d6ba92d8/guest-signin.py:35:89
   |
33 |     # The authenticated readiness gate is untouched and runs after manual confirmation.
34 |     with controller.deployment_lock():
35 |         q.require(not controller.STATE_FILE.exists(), 'Existing enrollment transaction requires explicit recovery')
   |                                                                                         ^^^^^^^^^^^^^^^^^^^^^^^^^^^
36 |         controller.verify_enrollment_slots()
37 |         controller.shared_environment(enrollment=True)
   |

E501 Line too long (187 > 88)
  --> docs/superpowers/evidence/task5-continuity-recovery-d6ba92d8/guest-signin.py:38:89
   |
36 | …
37 | …
38 | …Path(package['release']) / 'package.json').read_text())['version'], 'digest': binding['sha256'], 'mode': 'starting'}
   |                   ^^^^^^^^^^^^^^^^^^^^^^^^^^^^^^^^^^^^^^^^^^^^^^^^^^^^^^^^^^^^^^^^^^^^^^^^^^^^^^^^^^^^^^^^^^^^^^^^^^^
39 | … None}, 'pending': None, 'enrollment': 'preparing', 'environment_sha256': controller.sha256(controller.STATE_DIR / 'environment.json'…
40 | …
   |

E501 Line too long (206 > 88)
  --> docs/superpowers/evidence/task5-continuity-recovery-d6ba92d8/guest-signin.py:39:89
   |
37 | …
38 | …ge['release']) / 'package.json').read_text())['version'], 'digest': binding['sha256'], 'mode': 'starting'}
39 | …ending': None, 'enrollment': 'preparing', 'environment_sha256': controller.sha256(controller.STATE_DIR / 'environment.json')}
   |         ^^^^^^^^^^^^^^^^^^^^^^^^^^^^^^^^^^^^^^^^^^^^^^^^^^^^^^^^^^^^^^^^^^^^^^^^^^^^^^^^^^^^^^^^^^^^^^^^^^^^^^^^^^^^^^^^^^^^^^
40 | …
41 | …
   |

E501 Line too long (116 > 88)
  --> docs/superpowers/evidence/task5-continuity-recovery-d6ba92d8/guest-signin.py:45:89
   |
43 |         controller.start_worker('a', entry)
44 |         status = controller.worker_status('a', controller.read_state()['slots']['a'])
45 |         q.require(status['mode'] == 'ready' and status['appWork']['initialized'], 'Pinned sign-in worker not ready')
   |                                                                                         ^^^^^^^^^^^^^^^^^^^^^^^^^^^^
46 |     q.new_json(evidence / 'checkpoint.json', {'phase': 'manual-signin-required', 'run_id': binding['run_id'], 'namespace': binding['na…
47 | except BaseException as error:
   |

E501 Line too long (556 > 88)
  --> docs/superpowers/evidence/task5-continuity-recovery-d6ba92d8/guest-signin.py:46:89
   |
44 | …])
45 | …Pinned sign-in worker not ready')
46 | …un_id': binding['run_id'], 'namespace': binding['namespace'], 'source_commit': binding['source_commit'], 'sha256': binding['sha256'], 'runtime_sha256': binding['runtime_sha256'], 'scope': str(scope_file), 'home': scope['home'], 'dashboard_remote_port': 21128, 'worker_pid': status['appPid'], 'worker_label': controller.job_label('a'), 'provider_probes_run': False, 'baseline_receipt_written': False, 'locked_dependencies': locks, 'authorization': binding['authorization']})
   |       ^^^^^^^^^^^^^^^^^^^^^^^^^^^^^^^^^^^^^^^^^^^^^^^^^^^^^^^^^^^^^^^^^^^^^^^^^^^^^^^^^^^^^^^^^^^^^^^^^^^^^^^^^^^^^^^^^^^^^^^^^^^^^^^^^^^^^^^^^^^^^^^^^^^^^^^^^^^^^^^^^^^^^^^^^^^^^^^^^^^^^^^^^^^^^^^^^^^^^^^^^^^^^^^^^^^^^^^^^^^^^^^^^^^^^^^^^^^^^^^^^^^^^^^^^^^^^^^^^^^^^^^^^^^^^^^^^^^^^^^^^^^^^^^^^^^^^^^^^^^^^^^^^^^^^^^^^^^^^^^^^^^^^^^^^^^^^^^^^^^^^^^^^^^^^^^^^^^^^^^^^^^^^^^^^^^^^^^^^^^^^^^^^^^^^^^^^^^^^^^^^^^^^^^^^^^^^^^^^^^^^^^^^^^^^^^^^^^^^^^^^^^^^^^^^^^^^^^^^^^^^^^^^^^^
47 | …
48 | …str(error) if isinstance(error, ValueError) else 'Guest setup failed'})
   |

E501 Line too long (154 > 88)
  --> docs/superpowers/evidence/task5-continuity-recovery-d6ba92d8/guest-signin.py:48:89
   |
46 | …'manual-signin-required', 'run_id': binding['run_id'], 'namespace': binding['namespace'], 'source_commit': binding['source_commit'], …
47 | …
48 | …(error).__name__, 'reason': str(error) if isinstance(error, ValueError) else 'Guest setup failed'})
   |                                   ^^^^^^^^^^^^^^^^^^^^^^^^^^^^^^^^^^^^^^^^^^^^^^^^^^^^^^^^^^^^^^^^^^
49 | …
50 | …ame: q.sha256(p) for p in evidence.iterdir() if p.is_file()}})
   |

E501 Line too long (117 > 88)
  --> docs/superpowers/evidence/task5-continuity-recovery-d6ba92d8/guest-signin.py:50:89
   |
48 |     q.new_json(evidence / 'failure.json', {'type': type(error).__name__, 'reason': str(error) if isinstance(error, ValueError) else 'G…
49 | finally:
50 |     q.new_json(evidence / 'export.json', {'files': {p.name: q.sha256(p) for p in evidence.iterdir() if p.is_file()}})
   |                                                                                         ^^^^^^^^^^^^^^^^^^^^^^^^^^^^^
   |

I001 [*] Import block is un-sorted or un-formatted
  --> docs/superpowers/evidence/task5-continuity-recovery-d6ba92d8/host-landing-checks.py:3:1
   |
 1 |   #!/usr/bin/env python3
 2 |   """Stage changed-file checks in one owned Namespace session; never test locally."""
 3 | / import fcntl
 4 | | import hashlib
 5 | | import importlib.util
 6 | | import json
 7 | | import os
 8 | | from pathlib import Path
 9 | | import subprocess
10 | | import tempfile
11 | | import time
12 | | import uuid
   | |___________^
13 |
14 |   source = Path(__file__).resolve().parents[4]
   |
help: Organize imports

E501 Line too long (104 > 88)
  --> docs/superpowers/evidence/task5-continuity-recovery-d6ba92d8/host-landing-checks.py:15:89
   |
14 | source = Path(__file__).resolve().parents[4]
15 | spec = importlib.util.spec_from_file_location("qualifier", source / "scripts/mac/9router_vm_qualify.py")
   |                                                                                         ^^^^^^^^^^^^^^^^
16 | q = importlib.util.module_from_spec(spec)
17 | spec.loader.exec_module(q)
   |

E501 Line too long (91 > 88)
  --> docs/superpowers/evidence/task5-continuity-recovery-d6ba92d8/host-landing-checks.py:20:89
   |
18 | identity = "2tc0b2eg4mveo"
19 | name = "9router-qualify-recovery"
20 | quote = "guest lint/secrets scans, repair PR review and merge - APPROVED. PUSH AND OPEN PR"
   |                                                                                         ^^^
21 | run_id = "task5-land-checks-" + uuid.uuid4().hex[:12]
22 | remote = q.GUEST_ROOT / run_id
   |

E501 Line too long (118 > 88)
  --> docs/superpowers/evidence/task5-continuity-recovery-d6ba92d8/host-landing-checks.py:28:89
   |
26 | sdk = Path("/private/tmp/namespace-runtime-check-ef67fdaa")
27 | cli = str(Path.home() / ".local/bin/devbox")
28 | env = {k: v for k, v in os.environ.items() if k not in {"SONAR_TOKEN", "SONARQUBE_CLI_TOKEN", "NINEROUTER_PROBE_KEY"}}
   |                                                                                         ^^^^^^^^^^^^^^^^^^^^^^^^^^^^^^
29 | env["PYTHONDONTWRITEBYTECODE"] = "1"
30 | claims = []
   |

E501 Line too long (102 > 88)
  --> docs/superpowers/evidence/task5-continuity-recovery-d6ba92d8/host-landing-checks.py:42:89
   |
40 |     for fd, path in claims:
41 |         held, live = os.fstat(fd), path.lstat()
42 |         q.require((held.st_dev, held.st_ino) == (live.st_dev, live.st_ino), "Lifecycle claim changed")
   |                                                                                         ^^^^^^^^^^^^^^
43 |     return q.output([cli, *argv], source, env, timeout)
   |

E501 Line too long (101 > 88)
  --> docs/superpowers/evidence/task5-continuity-recovery-d6ba92d8/host-landing-checks.py:48:89
   |
46 |     command("exec", name, "--", "/usr/bin/uname", "-m")
47 |     active = observe(identity)
48 |     q.require(active["state"] == "running" and active["instance_id"], "Activation identity unproven")
   |                                                                                         ^^^^^^^^^^^^^
49 |     command("exec", name, "--", "/bin/mkdir", "-p", "-m", "700", str(remote))
50 |     program = Path(__file__).parent / "guest-push-checks.py"
   |

E501 Line too long (94 > 88)
  --> docs/superpowers/evidence/task5-continuity-recovery-d6ba92d8/host-landing-checks.py:52:89
   |
50 |     program = Path(__file__).parent / "guest-push-checks.py"
51 |     command("upload", name, str(program), str(remote / "guest-push-checks.py"))
52 |     command("upload", name, str(q.HERE / "9router_vm_qualify.py"), str(remote / "runtime.py"))
   |                                                                                         ^^^^^^
53 |     binaries = json.loads(command("exec", name, "--", "python3", str(remote / "runtime.py"), "runtime", "--tools", str(q.GUEST_ROOT / …
54 |     commit = q.output(["git", "rev-parse", "HEAD"], source)
   |

E501 Line too long (169 > 88)
  --> docs/superpowers/evidence/task5-continuity-recovery-d6ba92d8/host-landing-checks.py:53:89
   |
51 | …push-checks.py"))
52 | …y"), str(remote / "runtime.py"))
53 | …", str(remote / "runtime.py"), "runtime", "--tools", str(q.GUEST_ROOT / "tools" / q.CADDY_ARCHIVE_SHA256)))
   |                            ^^^^^^^^^^^^^^^^^^^^^^^^^^^^^^^^^^^^^^^^^^^^^^^^^^^^^^^^^^^^^^^^^^^^^^^^^^^^^^^^^
54 | …
55 | …, cwd=source, capture_output=True, check=True).stdout
   |

E501 Line too long (115 > 88)
  --> docs/superpowers/evidence/task5-continuity-recovery-d6ba92d8/host-landing-checks.py:55:89
   |
53 |     binaries = json.loads(command("exec", name, "--", "python3", str(remote / "runtime.py"), "runtime", "--tools", str(q.GUEST_ROOT / …
54 |     commit = q.output(["git", "rev-parse", "HEAD"], source)
55 |     patch = subprocess.run(["git", "diff", "--binary", "HEAD"], cwd=source, capture_output=True, check=True).stdout
   |                                                                                         ^^^^^^^^^^^^^^^^^^^^^^^^^^^
56 |     patch_path = stage / "source.patch"
57 |     patch_path.write_bytes(patch)
   |

E501 Line too long (441 > 88)
  --> docs/superpowers/evidence/task5-continuity-recovery-d6ba92d8/host-landing-checks.py:61:89
   |
59 | …
60 | …
61 | …).hexdigest(), "source_files": {p: q.sha256(source / p) for p in tracked if p}, "bundle_sha256": q.sha256(bundle), "guest_program_sha256": q.sha256(program), "source_runtime_sha256": q.source_runtime_hashes(source), "namespace": {"devbox_id": identity, "instance_id": active["instance_id"]}, "authorization": {"quote": quote, "turn": "2026-10-07 21:18 EDT"}}
   |       ^^^^^^^^^^^^^^^^^^^^^^^^^^^^^^^^^^^^^^^^^^^^^^^^^^^^^^^^^^^^^^^^^^^^^^^^^^^^^^^^^^^^^^^^^^^^^^^^^^^^^^^^^^^^^^^^^^^^^^^^^^^^^^^^^^^^^^^^^^^^^^^^^^^^^^^^^^^^^^^^^^^^^^^^^^^^^^^^^^^^^^^^^^^^^^^^^^^^^^^^^^^^^^^^^^^^^^^^^^^^^^^^^^^^^^^^^^^^^^^^^^^^^^^^^^^^^^^^^^^^^^^^^^^^^^^^^^^^^^^^^^^^^^^^^^^^^^^^^^^^^^^^^^^^^^^^^^^^^^^^^^^^^^^^^^^^^^^^^^^^^^^^^^^^^^^^^
62 | …
63 | …
   |

E501 Line too long (91 > 88)
  --> docs/superpowers/evidence/task5-continuity-recovery-d6ba92d8/host-landing-checks.py:66:89
   |
64 |     q.new_json(local / "staged.json", binding)
65 |     for filename in ("source.bundle", "source.patch", "input.json"):
66 |         command("upload", name, str(stage / filename), str(remote / filename), timeout=300)
   |                                                                                         ^^^
67 |     for filename in ("sonar_pr_issues.py", "gh_owner.py"):
68 |         helper = Path.home() / "dev/og-workflow/.cursor/scripts" / filename
   |

E501 Line too long (882 > 88)
  --> docs/superpowers/evidence/task5-continuity-recovery-d6ba92d8/host-landing-checks.py:73:89
   |
71 | …
72 | …
73 | …); b=json.loads((r/'input.json').read_text()); assert hashlib.sha256((r/'source.bundle').read_bytes()).hexdigest()==b['bundle_sha256']; assert hashlib.sha256((r/'source.patch').read_bytes()).hexdigest()==b['source_patch_sha256']; assert hashlib.sha256((r/'guest-push-checks.py').read_bytes()).hexdigest()==b['guest_program_sha256']; subprocess.run(['git','clone','--no-checkout',str(r/'source.bundle'),str(r/'source')],check=True); subprocess.run(['git','checkout','--detach',b['source_commit']],cwd=r/'source',check=True); subprocess.run(['git','apply',str(r/'source.patch')],cwd=r/'source',check=True) if (r/'source.patch').stat().st_size else None; assert all(hashlib.sha256((r/'source'/p).read_bytes()).hexdigest()==h for p,h in b['source_files'].items()); (r/'scanner-credential').chmod(0o600)"
   |       ^^^^^^^^^^^^^^^^^^^^^^^^^^^^^^^^^^^^^^^^^^^^^^^^^^^^^^^^^^^^^^^^^^^^^^^^^^^^^^^^^^^^^^^^^^^^^^^^^^^^^^^^^^^^^^^^^^^^^^^^^^^^^^^^^^^^^^^^^^^^^^^^^^^^^^^^^^^^^^^^^^^^^^^^^^^^^^^^^^^^^^^^^^^^^^^^^^^^^^^^^^^^^^^^^^^^^^^^^^^^^^^^^^^^^^^^^^^^^^^^^^^^^^^^^^^^^^^^^^^^^^^^^^^^^^^^^^^^^^^^^^^^^^^^^^^^^^^^^^^^^^^^^^^^^^^^^^^^^^^^^^^^^^^^^^^^^^^^^^^^^^^^^^^^^^^^^^^^^^^^^^^^^^^^^^^^^^^^^^^^^^^^^^^^^^^^^^^^^^^^^^^^^^^^^^^^^^^^^^^^^^^^^^^^^^^^^^^^^^^^^^^^^^^^^^^^^^^^^^^^^^^^^^^^^^^^^^^^^^^^^^^^^^^^^^^^^^^^^^^^^^^^^^^^^^^^^^^^^^^^^^^^^^^^^^^^^^^^^^^^^^^^^^^^^^^^^^^^^^^^^^^^^^^^^^^^^^^^^^^^^^^^^^^^^^^^^^^^^^^^^^^^^^^^^^^^^^^^^^^^^^^^^^^^^^^^^^^^^^^^^^^^^^^^^^^^^^^^^^^^^^^^^^^^^^^^^^^^^^^^^^^^^^^^^^^^^^^^^^^^^^^^^^^^^^^^^^^^^^^^^^^^^^^^^^^^^^^^^^^^^^^^^^^^^^^^^^^^^^^^^^^^^^^^^^^^^^^^^^^^^^^^^^^^^^^^^^
74 | …
75 | …st-push-checks.py"), str(remote))
   |

E501 Line too long (116 > 88)
  --> docs/superpowers/evidence/task5-continuity-recovery-d6ba92d8/host-landing-checks.py:75:89
   |
73 |     setup = "import hashlib,json,pathlib,subprocess,sys; r=pathlib.Path(sys.argv[1]); b=json.loads((r/'input.json').read_text()); asse…
74 |     command("exec", name, "--", "python3", "-c", setup, str(remote), timeout=300)
75 |     detached = command("exec", "--detach", name, "--", "python3", str(remote / "guest-push-checks.py"), str(remote))
   |                                                                                         ^^^^^^^^^^^^^^^^^^^^^^^^^^^^
76 |     execution = __import__("re").search(r"\bexec_[a-z0-9]+\b", detached)
77 |     q.require(execution, "Namespace execution ID missing")
   |

E501 Line too long (130 > 88)
  --> docs/superpowers/evidence/task5-continuity-recovery-d6ba92d8/host-landing-checks.py:78:89
   |
76 |     execution = __import__("re").search(r"\bexec_[a-z0-9]+\b", detached)
77 |     q.require(execution, "Namespace execution ID missing")
78 |     q.new_json(local / "execution.json", {"execution_id": execution[0], "namespace": binding["namespace"], "remote": str(remote)})
   |                                                                                         ^^^^^^^^^^^^^^^^^^^^^^^^^^^^^^^^^^^^^^^^^^
79 |     print(json.dumps({"phase": "guest-scans-started", "evidence": str(local), "execution_id": execution[0]}), flush=True)
80 |     deadline = time.monotonic() + 2400
   |

E501 Line too long (121 > 88)
  --> docs/superpowers/evidence/task5-continuity-recovery-d6ba92d8/host-landing-checks.py:79:89
   |
77 |     q.require(execution, "Namespace execution ID missing")
78 |     q.new_json(local / "execution.json", {"execution_id": execution[0], "namespace": binding["namespace"], "remote": str(remote)})
79 |     print(json.dumps({"phase": "guest-scans-started", "evidence": str(local), "execution_id": execution[0]}), flush=True)
   |                                                                                         ^^^^^^^^^^^^^^^^^^^^^^^^^^^^^^^^^
80 |     deadline = time.monotonic() + 2400
81 |     while time.monotonic() < deadline:
   |

E501 Line too long (120 > 88)
  --> docs/superpowers/evidence/task5-continuity-recovery-d6ba92d8/host-landing-checks.py:83:89
   |
81 |     while time.monotonic() < deadline:
82 |         live = observe(identity)
83 |         q.require(live["state"] == "running" and live["instance_id"] == active["instance_id"], "Guest instance changed")
   |                                                                                         ^^^^^^^^^^^^^^^^^^^^^^^^^^^^^^^^
84 |         status = subprocess.run([cli, "exec", name, "--", "/bin/test", "-s", str(remote / "evidence/export.json")], env=env, capture_o…
85 |         q.require(status.returncode in {0, 1}, "Evidence observation failed")
   |

E501 Line too long (157 > 88)
  --> docs/superpowers/evidence/task5-continuity-recovery-d6ba92d8/host-landing-checks.py:84:89
   |
82 | …
83 | …nstance_id"] == active["instance_id"], "Guest instance changed")
84 | …, "/bin/test", "-s", str(remote / "evidence/export.json")], env=env, capture_output=True, timeout=45)
   |                                  ^^^^^^^^^^^^^^^^^^^^^^^^^^^^^^^^^^^^^^^^^^^^^^^^^^^^^^^^^^^^^^^^^^^^^
85 | … observation failed")
86 | …
   |

E501 Line too long (95 > 88)
  --> docs/superpowers/evidence/task5-continuity-recovery-d6ba92d8/host-landing-checks.py:91:89
   |
89 |     else:
90 |         raise TimeoutError("Guest scan evidence deadline")
91 |     command("download", name, str(remote / "evidence/export.json"), str(local / "export.json"))
   |                                                                                         ^^^^^^^
92 |     exports = json.loads((local / "export.json").read_text())
93 |     for filename, digest in exports["files"].items():
   |

E501 Line too long (93 > 88)
  --> docs/superpowers/evidence/task5-continuity-recovery-d6ba92d8/host-landing-checks.py:95:89
   |
93 |     for filename, digest in exports["files"].items():
94 |         q.evidence_name(filename)
95 |         command("download", name, str(remote / "evidence" / filename), str(local / filename))
   |                                                                                         ^^^^^
96 |         q.require(q.sha256(q.regular(local / filename)) == digest, "Export hash differs")
97 |     result = json.loads((local / "push-checks.json").read_text())
   |

E501 Line too long (89 > 88)
  --> docs/superpowers/evidence/task5-continuity-recovery-d6ba92d8/host-landing-checks.py:96:89
   |
94 |         q.evidence_name(filename)
95 |         command("download", name, str(remote / "evidence" / filename), str(local / filename))
96 |         q.require(q.sha256(q.regular(local / filename)) == digest, "Export hash differs")
   |                                                                                         ^
97 |     result = json.loads((local / "push-checks.json").read_text())
98 |     return {"guest_result": "pass" if result["success"] else "fail", "source_commit": commit, "source_patch_sha256": binding["source_p…
   |

E501 Line too long (213 > 88)
   --> docs/superpowers/evidence/task5-continuity-recovery-d6ba92d8/host-landing-checks.py:98:89
    |
 96 | …fers")
 97 | …
 98 | …": commit, "source_patch_sha256": binding["source_patch_sha256"], "namespace": binding["namespace"], "execution_id": execution[0]}
    |       ^^^^^^^^^^^^^^^^^^^^^^^^^^^^^^^^^^^^^^^^^^^^^^^^^^^^^^^^^^^^^^^^^^^^^^^^^^^^^^^^^^^^^^^^^^^^^^^^^^^^^^^^^^^^^^^^^^^^^^^^^^^^^
 99 | …
100 | …
    |

E501 Line too long (153 > 88)
   --> docs/superpowers/evidence/task5-continuity-recovery-d6ba92d8/host-landing-checks.py:108:89
    |
106 | …
107 | …
108 | …e-owner-" + identity + ".lock"), Path("/private/tmp") / ("namespace-owner-" + identity + ".lock")}
    |                                   ^^^^^^^^^^^^^^^^^^^^^^^^^^^^^^^^^^^^^^^^^^^^^^^^^^^^^^^^^^^^^^^^^
109 | …
110 | …O_EXCL, 0o600)
    |

E501 Line too long (210 > 88)
   --> docs/superpowers/evidence/task5-continuity-recovery-d6ba92d8/host-landing-checks.py:113:89
    |
111 | …
112 | …
113 | …n_id": run_id, "pid": os.getpid(), "scope": "guest scans only; no issuer restoration", "authorization_quote": quote}).encode())
    |       ^^^^^^^^^^^^^^^^^^^^^^^^^^^^^^^^^^^^^^^^^^^^^^^^^^^^^^^^^^^^^^^^^^^^^^^^^^^^^^^^^^^^^^^^^^^^^^^^^^^^^^^^^^^^^^^^^^^^^^^^^^
114 | …
115 | …one, stop=lambda exact: command("stop", exact, "--force"))
    |

E501 Line too long (141 > 88)
   --> docs/superpowers/evidence/task5-continuity-recovery-d6ba92d8/host-landing-checks.py:115:89
    |
113 | …scoped landing lane d6ba92d8", "run_id": run_id, "pid": os.getpid(), "scope": "guest scans only; no issuer restoration", "authorizat…
114 | …
115 | …identity, work, observe, lambda: None, stop=lambda exact: command("stop", exact, "--force"))
    |                                         ^^^^^^^^^^^^^^^^^^^^^^^^^^^^^^^^^^^^^^^^^^^^^^^^^^^^^
116 | …"turn": "2026-10-07 21:18 EDT"}, observations=observations)
117 | …
    |

E501 Line too long (108 > 88)
   --> docs/superpowers/evidence/task5-continuity-recovery-d6ba92d8/host-landing-checks.py:116:89
    |
114 |     with q.interruption_boundary():
115 |         record = q.qualification_lifecycle(name, identity, work, observe, lambda: None, stop=lambda exact: command("stop", exact, "--…
116 |     record.update(authorization={"quote": quote, "turn": "2026-10-07 21:18 EDT"}, observations=observations)
    |                                                                                         ^^^^^^^^^^^^^^^^^^^^
117 |     q.new_json(local / "host.json", record)
118 |     print(json.dumps({"evidence": str(local), "record": record}), flush=True)
    |

I001 [*] Import block is un-sorted or un-formatted
  --> docs/superpowers/evidence/task5-continuity-recovery-d6ba92d8/host-persistence-proof.py:3:1
   |
 1 |   #!/usr/bin/env python3
 2 |   """Prove new guest-only nested checkpoints survive stop; no credential access."""
 3 | / import fcntl
 4 | | import importlib.util
 5 | | import json
 6 | | import os
 7 | | from pathlib import Path
 8 | | import tempfile
 9 | | import uuid
   | |___________^
10 |
11 |   source = Path(__file__).resolve().parents[4]
   |
help: Organize imports

E501 Line too long (104 > 88)
  --> docs/superpowers/evidence/task5-continuity-recovery-d6ba92d8/host-persistence-proof.py:12:89
   |
11 | source = Path(__file__).resolve().parents[4]
12 | spec = importlib.util.spec_from_file_location('qualifier', source / 'scripts/mac/9router_vm_qualify.py')
   |                                                                                         ^^^^^^^^^^^^^^^^
13 | q = importlib.util.module_from_spec(spec)
14 | spec.loader.exec_module(q)
   |

E501 Line too long (102 > 88)
  --> docs/superpowers/evidence/task5-continuity-recovery-d6ba92d8/host-persistence-proof.py:29:89
   |
27 |     for fd, path in claims:
28 |         held, live = os.fstat(fd), path.lstat()
29 |         q.require((held.st_dev, held.st_ino) == (live.st_dev, live.st_ino), 'Lifecycle claim changed')
   |                                                                                         ^^^^^^^^^^^^^^
30 |     return q.output([cli, *args], source, timeout=360)
   |

E501 Line too long (235 > 88)
  --> docs/superpowers/evidence/task5-continuity-recovery-d6ba92d8/host-persistence-proof.py:38:89
   |
36 | …
37 | …
38 | …nteger primary key, purpose text)');c.execute("insert into checkpoint values(1,'noncredential durability fixture')");c.commit();c.close();p.chmod(0o600)
   |       ^^^^^^^^^^^^^^^^^^^^^^^^^^^^^^^^^^^^^^^^^^^^^^^^^^^^^^^^^^^^^^^^^^^^^^^^^^^^^^^^^^^^^^^^^^^^^^^^^^^^^^^^^^^^^^^^^^^^^^^^^^^^^^^^^^^^^^^^^^^^^^^^^^^
39 | …
40 | …l durability fixture'},f);f.flush();os.fsync(f.fileno())
   |

E501 Line too long (139 > 88)
  --> docs/superpowers/evidence/task5-continuity-recovery-d6ba92d8/host-persistence-proof.py:40:89
   |
38 | …xecute('create table checkpoint(id integer primary key, purpose text)');c.execute("insert into checkpoint values(1,'noncredential dur…
39 | …
40 | …:sys.argv[1],'purpose':'noncredential durability fixture'},f);f.flush();os.fsync(f.fileno())
   |                                           ^^^^^^^^^^^^^^^^^^^^^^^^^^^^^^^^^^^^^^^^^^^^^^^^^^^
41 | …
42 | …ent]:
   |

E501 Line too long (132 > 88)
  --> docs/superpowers/evidence/task5-continuity-recovery-d6ba92d8/host-persistence-proof.py:46:89
   |
44 |  subprocess.run(['/bin/sync'],check=True)
45 | paths=[root,root/'binding.json',root/'home/db/data.sqlite']
46 | result={'phase':phase,'paths':[{'path':str(p),'exists':p.exists(),'device':p.stat().st_dev if p.exists() else None} for p in paths]}
   |                                                                                         ^^^^^^^^^^^^^^^^^^^^^^^^^^^^^^^^^^^^^^^^^^^^
47 | if all(p.exists() for p in paths):
48 |  result['hashes']={str(p.relative_to(root)):hashlib.sha256(p.read_bytes()).hexdigest() for p in paths[1:]}
   |

E501 Line too long (106 > 88)
  --> docs/superpowers/evidence/task5-continuity-recovery-d6ba92d8/host-persistence-proof.py:48:89
   |
46 | result={'phase':phase,'paths':[{'path':str(p),'exists':p.exists(),'device':p.stat().st_dev if p.exists() else None} for p in paths]}
47 | if all(p.exists() for p in paths):
48 |  result['hashes']={str(p.relative_to(root)):hashlib.sha256(p.read_bytes()).hexdigest() for p in paths[1:]}
   |                                                                                         ^^^^^^^^^^^^^^^^^^
49 |  c=sqlite3.connect('file:'+str(paths[2])+'?mode=ro',uri=True);result['rows']=c.execute('select count(*) from checkpoint').fetchone()[0…
50 | v=plistlib.loads(subprocess.run(['/usr/sbin/diskutil','info','-plist','/Volumes/devbox'],capture_output=True,check=True).stdout);resul…
   |

E501 Line too long (145 > 88)
  --> docs/superpowers/evidence/task5-continuity-recovery-d6ba92d8/host-persistence-proof.py:49:89
   |
47 | …
48 | …b.sha256(p.read_bytes()).hexdigest() for p in paths[1:]}
49 | …',uri=True);result['rows']=c.execute('select count(*) from checkpoint').fetchone()[0];c.close()
   |                                        ^^^^^^^^^^^^^^^^^^^^^^^^^^^^^^^^^^^^^^^^^^^^^^^^^^^^^^^^^
50 | …il','info','-plist','/Volumes/devbox'],capture_output=True,check=True).stdout);result['volume_uuid']=v.get('VolumeUUID')
51 | …
   |

E501 Line too long (95 > 88)
  --> docs/superpowers/evidence/task5-continuity-recovery-d6ba92d8/host-persistence-proof.py:56:89
   |
54 |     command('exec', name, '--', '/usr/bin/uname', '-m')
55 |     active = metadata(identity)
56 |     observed = json.loads(command('exec', name, '--', 'python3', '-c', program, run_id, phase))
   |                                                                                         ^^^^^^^
57 |     q.new_json(local / (phase + '.json'), {'namespace': active, **observed})
58 |     return {'guest_result': 'unrun', 'scope': 'new nested checkpoint persistence only', 'namespace': active}
   |

E501 Line too long (108 > 88)
  --> docs/superpowers/evidence/task5-continuity-recovery-d6ba92d8/host-persistence-proof.py:58:89
   |
56 |     observed = json.loads(command('exec', name, '--', 'python3', '-c', program, run_id, phase))
57 |     q.new_json(local / (phase + '.json'), {'namespace': active, **observed})
58 |     return {'guest_result': 'unrun', 'scope': 'new nested checkpoint persistence only', 'namespace': active}
   |                                                                                         ^^^^^^^^^^^^^^^^^^^^
59 |
60 | try:
   |

E501 Line too long (164 > 88)
  --> docs/superpowers/evidence/task5-continuity-recovery-d6ba92d8/host-persistence-proof.py:61:89
   |
60 | …
61 | …space-owner-' + identity + '.lock'), Path('/private/tmp') / ('namespace-owner-' + identity + '.lock')}):
   |                              ^^^^^^^^^^^^^^^^^^^^^^^^^^^^^^^^^^^^^^^^^^^^^^^^^^^^^^^^^^^^^^^^^^^^^^^^^^^^
62 | …L, 0o600);claims.append((fd, path));fcntl.flock(fd, fcntl.LOCK_EX | fcntl.LOCK_NB);os.write(fd,json.dumps({'owner':'1c7bce1a-1309-45c…
63 | …
   |

E702 Multiple statements on one line (semicolon)
  --> docs/superpowers/evidence/task5-continuity-recovery-d6ba92d8/host-persistence-proof.py:62:70
   |
60 | try:
61 |     for path in sorted({Path(tempfile.gettempdir()) / ('namespace-owner-' + identity + '.lock'), Path('/private/tmp') / ('namespace-ow…
62 |         fd = os.open(path, os.O_RDWR | os.O_CREAT | os.O_EXCL, 0o600);claims.append((fd, path));fcntl.flock(fd, fcntl.LOCK_EX | fcntl.…
   |                                                                      ^
63 |     for phase in ['create', 'read']:
64 |         with q.interruption_boundary():
   |

E501 Line too long (292 > 88)
  --> docs/superpowers/evidence/task5-continuity-recovery-d6ba92d8/host-persistence-proof.py:62:89
   |
60 | …
61 | …y + '.lock'), Path('/private/tmp') / ('namespace-owner-' + identity + '.lock')}):
62 | …((fd, path));fcntl.flock(fd, fcntl.LOCK_EX | fcntl.LOCK_NB);os.write(fd,json.dumps({'owner':'1c7bce1a-1309-45c3-a156-cf5623c06fda','pid':os.getpid(),'scope':'Task5 harmless nested durability proof'}).encode())
   |       ^^^^^^^^^^^^^^^^^^^^^^^^^^^^^^^^^^^^^^^^^^^^^^^^^^^^^^^^^^^^^^^^^^^^^^^^^^^^^^^^^^^^^^^^^^^^^^^^^^^^^^^^^^^^^^^^^^^^^^^^^^^^^^^^^^^^^^^^^^^^^^^^^^^^^^^^^^^^^^^^^^^^^^^^^^^^^^^^^^^^^^^^^^^^^^^^^^^^^^^^^^^^
63 | …
64 | …
   |

E702 Multiple statements on one line (semicolon)
  --> docs/superpowers/evidence/task5-continuity-recovery-d6ba92d8/host-persistence-proof.py:62:96
   |
60 | try:
61 |     for path in sorted({Path(tempfile.gettempdir()) / ('namespace-owner-' + identity + '.lock'), Path('/private/tmp') / ('namespace-ow…
62 |         fd = os.open(path, os.O_RDWR | os.O_CREAT | os.O_EXCL, 0o600);claims.append((fd, path));fcntl.flock(fd, fcntl.LOCK_EX | fcntl.…
   |                                                                                                ^
63 |     for phase in ['create', 'read']:
64 |         with q.interruption_boundary():
   |

E702 Multiple statements on one line (semicolon)
  --> docs/superpowers/evidence/task5-continuity-recovery-d6ba92d8/host-persistence-proof.py:62:143
   |
60 | …
61 | …identity + '.lock'), Path('/private/tmp') / ('namespace-owner-' + identity + '.lock')}):
62 | ….append((fd, path));fcntl.flock(fd, fcntl.LOCK_EX | fcntl.LOCK_NB);os.write(fd,json.dumps({'owner':'1c7bce1a-1309-45c3-a156-cf5623c06…
   |                                                                    ^
63 | …
64 | …
   |

E501 Line too long (155 > 88)
  --> docs/superpowers/evidence/task5-continuity-recovery-d6ba92d8/host-persistence-proof.py:65:89
   |
63 | …
64 | …
65 | …tity, lambda: work(phase), metadata, lambda:None, stop=lambda exact:command('stop',exact,'--force'))
   |                                   ^^^^^^^^^^^^^^^^^^^^^^^^^^^^^^^^^^^^^^^^^^^^^^^^^^^^^^^^^^^^^^^^^^^
66 | …lt)
67 | …d') and not result.get('failure'), 'Checkpoint observation or shutdown incomplete')
   |

E501 Line too long (138 > 88)
  --> docs/superpowers/evidence/task5-continuity-recovery-d6ba92d8/host-persistence-proof.py:67:89
   |
65 | …me, identity, lambda: work(phase), metadata, lambda:None, stop=lambda exact:command('stop',exact,'--force'))
66 | …'), result)
67 | …'verified') and not result.get('failure'), 'Checkpoint observation or shutdown incomplete')
   |                                           ^^^^^^^^^^^^^^^^^^^^^^^^^^^^^^^^^^^^^^^^^^^^^^^^^^
68 | …after=q.private_json(local/'read.json')
69 | …shes') and bool(after.get('hashes')) and after.get('rows')==1 and before['volume_uuid']==after['volume_uuid']
   |

E702 Multiple statements on one line (semicolon)
  --> docs/superpowers/evidence/task5-continuity-recovery-d6ba92d8/host-persistence-proof.py:68:47
   |
66 |         q.new_json(local / (phase + '-host.json'), result)
67 |         q.require(result.get('cleanup',{}).get('verified') and not result.get('failure'), 'Checkpoint observation or shutdown incomple…
68 |     before=q.private_json(local/'create.json');after=q.private_json(local/'read.json')
   |                                               ^
69 |     success=before.get('hashes')==after.get('hashes') and bool(after.get('hashes')) and after.get('rows')==1 and before['volume_uuid']…
70 |     q.new_json(local/'outcome.json',{'success':success,'run_id':run_id,'scope':'noncredential nested SQLite and marker retained after …
   |

E501 Line too long (156 > 88)
  --> docs/superpowers/evidence/task5-continuity-recovery-d6ba92d8/host-persistence-proof.py:69:89
   |
67 | …') and not result.get('failure'), 'Checkpoint observation or shutdown incomplete')
68 | …rivate_json(local/'read.json')
69 | …d bool(after.get('hashes')) and after.get('rows')==1 and before['volume_uuid']==after['volume_uuid']
   |                                  ^^^^^^^^^^^^^^^^^^^^^^^^^^^^^^^^^^^^^^^^^^^^^^^^^^^^^^^^^^^^^^^^^^^^
70 | …run_id':run_id,'scope':'noncredential nested SQLite and marker retained after exact guest stop/reactivation','production_touched':Fal…
71 | …ccess}))
   |

E501 Line too long (193 > 88)
  --> docs/superpowers/evidence/task5-continuity-recovery-d6ba92d8/host-persistence-proof.py:70:89
   |
68 | …'read.json')
69 | …hashes')) and after.get('rows')==1 and before['volume_uuid']==after['volume_uuid']
70 | …ope':'noncredential nested SQLite and marker retained after exact guest stop/reactivation','production_touched':False})
   |                ^^^^^^^^^^^^^^^^^^^^^^^^^^^^^^^^^^^^^^^^^^^^^^^^^^^^^^^^^^^^^^^^^^^^^^^^^^^^^^^^^^^^^^^^^^^^^^^^^^^^^^^^^
71 | …
72 | …
   |

E701 Multiple statements on one line (colon)
  --> docs/superpowers/evidence/task5-continuity-recovery-d6ba92d8/host-persistence-proof.py:72:26
   |
70 |     q.new_json(local/'outcome.json',{'success':success,'run_id':run_id,'scope':'noncredential nested SQLite and marker retained after …
71 |     print(json.dumps({'evidence':str(local),'success':success}))
72 |     for fd,path in claims:path.unlink()
   |                          ^
73 |     if not success:
74 |         raise SystemExit('RED: synced nested guest checkpoint missing or changed after stop/reactivation')
   |

E501 Line too long (106 > 88)
  --> docs/superpowers/evidence/task5-continuity-recovery-d6ba92d8/host-persistence-proof.py:74:89
   |
72 |     for fd,path in claims:path.unlink()
73 |     if not success:
74 |         raise SystemExit('RED: synced nested guest checkpoint missing or changed after stop/reactivation')
   |                                                                                         ^^^^^^^^^^^^^^^^^^
75 | finally:
76 |     for fd,path in claims:os.close(fd)
   |

E701 Multiple statements on one line (colon)
  --> docs/superpowers/evidence/task5-continuity-recovery-d6ba92d8/host-persistence-proof.py:76:26
   |
74 |         raise SystemExit('RED: synced nested guest checkpoint missing or changed after stop/reactivation')
75 | finally:
76 |     for fd,path in claims:os.close(fd)
   |                          ^
   |

E501 Line too long (92 > 88)
 --> docs/superpowers/evidence/task5-continuity-recovery-d6ba92d8/host-reproduce.py:2:89
  |
1 | #!/usr/bin/env python3
2 | """Host orchestration only. All dependency, build and fixture processes run in Namespace."""
  |                                                                                         ^^^^
3 | import fcntl
4 | import importlib.util
  |

I001 [*] Import block is un-sorted or un-formatted
  --> docs/superpowers/evidence/task5-continuity-recovery-d6ba92d8/host-reproduce.py:3:1
   |
 1 |   #!/usr/bin/env python3
 2 |   """Host orchestration only. All dependency, build and fixture processes run in Namespace."""
 3 | / import fcntl
 4 | | import importlib.util
 5 | | import json
 6 | | import os
 7 | | from pathlib import Path
 8 | | import shutil
 9 | | import subprocess
10 | | import tempfile
11 | | import time
12 | | import uuid
   | |___________^
13 |
14 |   source = Path(__file__).resolve().parents[4]
   |
help: Organize imports

F401 [*] `shutil` imported but unused
  --> docs/superpowers/evidence/task5-continuity-recovery-d6ba92d8/host-reproduce.py:8:8
   |
 6 | import os
 7 | from pathlib import Path
 8 | import shutil
   |        ^^^^^^
 9 | import subprocess
10 | import tempfile
   |
help: Remove unused import: `shutil`

E501 Line too long (104 > 88)
  --> docs/superpowers/evidence/task5-continuity-recovery-d6ba92d8/host-reproduce.py:15:89
   |
14 | source = Path(__file__).resolve().parents[4]
15 | spec = importlib.util.spec_from_file_location('qualifier', source / 'scripts/mac/9router_vm_qualify.py')
   |                                                                                         ^^^^^^^^^^^^^^^^
16 | q = importlib.util.module_from_spec(spec)
17 | spec.loader.exec_module(q)
   |

E501 Line too long (122 > 88)
  --> docs/superpowers/evidence/task5-continuity-recovery-d6ba92d8/host-reproduce.py:29:89
   |
27 | stage = Path(tempfile.mkdtemp(prefix='task5-repro-stage-'))
28 | cli = str(Path.home() / '.local/bin/devbox')
29 | cli_env = {k: v for k, v in os.environ.items() if k not in {'SONAR_TOKEN', 'SONARQUBE_CLI_TOKEN', 'NINEROUTER_PROBE_KEY'}}
   |                                                                                         ^^^^^^^^^^^^^^^^^^^^^^^^^^^^^^^^^^
30 | claims = []
31 | observations = []
   |

E501 Line too long (102 > 88)
  --> docs/superpowers/evidence/task5-continuity-recovery-d6ba92d8/host-reproduce.py:41:89
   |
39 |     for descriptor, target in claims:
40 |         held, live = os.fstat(descriptor), target.lstat()
41 |         q.require((held.st_dev, held.st_ino) == (live.st_dev, live.st_ino), 'lifecycle claim changed')
   |                                                                                         ^^^^^^^^^^^^^^
42 |     result = q.output([cli, *argv], source, cli_env, timeout)
43 |     print(json.dumps({'phase': 'host-orchestration', 'command': list(argv[:3]), 'output': result[-1200:]}), flush=True)
   |

E501 Line too long (119 > 88)
  --> docs/superpowers/evidence/task5-continuity-recovery-d6ba92d8/host-reproduce.py:43:89
   |
41 |         q.require((held.st_dev, held.st_ino) == (live.st_dev, live.st_ino), 'lifecycle claim changed')
42 |     result = q.output([cli, *argv], source, cli_env, timeout)
43 |     print(json.dumps({'phase': 'host-orchestration', 'command': list(argv[:3]), 'output': result[-1200:]}), flush=True)
   |                                                                                         ^^^^^^^^^^^^^^^^^^^^^^^^^^^^^^^
44 |     return result
   |

E501 Line too long (156 > 88)
  --> docs/superpowers/evidence/task5-continuity-recovery-d6ba92d8/host-reproduce.py:49:89
   |
47 | …
48 | …
49 | …] == name and active['state'] == 'running' and active['instance_id'], 'activated identity mismatch')
   |                                  ^^^^^^^^^^^^^^^^^^^^^^^^^^^^^^^^^^^^^^^^^^^^^^^^^^^^^^^^^^^^^^^^^^^^
50 | …, '700', str(remote))
51 | …y'
   |

E501 Line too long (94 > 88)
  --> docs/superpowers/evidence/task5-continuity-recovery-d6ba92d8/host-reproduce.py:53:89
   |
51 |     program = Path(__file__).parent / 'guest-reproduce.py'
52 |     command('upload', name, str(program), str(remote / 'guest-reproduce.py'))
53 |     command('upload', name, str(q.HERE / '9router_vm_qualify.py'), str(remote / 'runtime.py'))
   |                                                                                         ^^^^^^
54 |     binaries = json.loads(command('exec', name, '--', 'python3', str(remote / 'runtime.py'), 'runtime', '--tools', str(q.GUEST_ROOT / …
55 |     binding = {'protocol': 1, 'run_id': run_id, 'source_commit': q.output(['git', 'rev-parse', 'HEAD'], source), 'source_patch_sha256'…
   |

E501 Line too long (169 > 88)
  --> docs/superpowers/evidence/task5-continuity-recovery-d6ba92d8/host-reproduce.py:54:89
   |
52 | …reproduce.py'))
53 | …y'), str(remote / 'runtime.py'))
54 | …', str(remote / 'runtime.py'), 'runtime', '--tools', str(q.GUEST_ROOT / 'tools' / q.CADDY_ARCHIVE_SHA256)))
   |                            ^^^^^^^^^^^^^^^^^^^^^^^^^^^^^^^^^^^^^^^^^^^^^^^^^^^^^^^^^^^^^^^^^^^^^^^^^^^^^^^^^
55 | …': q.output(['git', 'rev-parse', 'HEAD'], source), 'source_patch_sha256': __import__('hashlib').sha256(b'').hexdigest(), 'namespace':…
56 | …t('\0')
   |

E501 Line too long (383 > 88)
  --> docs/superpowers/evidence/task5-continuity-recovery-d6ba92d8/host-reproduce.py:55:89
   |
53 | …ntime.py'))
54 | …ime.py'), 'runtime', '--tools', str(q.GUEST_ROOT / 'tools' / q.CADDY_ARCHIVE_SHA256)))
55 | …rev-parse', 'HEAD'], source), 'source_patch_sha256': __import__('hashlib').sha256(b'').hexdigest(), 'namespace': {'devbox_id': identity, 'instance_id': active['instance_id']}, 'authorization': {'quote': quote, 'turn': '2026-10-07 15:09 EDT'}, 'source_runtime_sha256': q.source_runtime_hashes(source)}
   |       ^^^^^^^^^^^^^^^^^^^^^^^^^^^^^^^^^^^^^^^^^^^^^^^^^^^^^^^^^^^^^^^^^^^^^^^^^^^^^^^^^^^^^^^^^^^^^^^^^^^^^^^^^^^^^^^^^^^^^^^^^^^^^^^^^^^^^^^^^^^^^^^^^^^^^^^^^^^^^^^^^^^^^^^^^^^^^^^^^^^^^^^^^^^^^^^^^^^^^^^^^^^^^^^^^^^^^^^^^^^^^^^^^^^^^^^^^^^^^^^^^^^^^^^^^^^^^^^^^^^^^^^^^^^^^^^^^^^^^^^^^^^^^^^^^^^^^^^
56 | …
57 | …t p.startswith('docs/')}
   |

E501 Line too long (107 > 88)
  --> docs/superpowers/evidence/task5-continuity-recovery-d6ba92d8/host-reproduce.py:57:89
   |
55 |     binding = {'protocol': 1, 'run_id': run_id, 'source_commit': q.output(['git', 'rev-parse', 'HEAD'], source), 'source_patch_sha256'…
56 |     tracked = q.output(['git', 'ls-files', '-z'], source).split('\0')
57 |     binding['source_files'] = {p: q.sha256(source / p) for p in tracked if p and not p.startswith('docs/')}
   |                                                                                         ^^^^^^^^^^^^^^^^^^^
58 |     q.bind_guest_runtime(binding, binaries)
59 |     bundle = stage / 'source.bundle'
   |

E501 Line too long (115 > 88)
  --> docs/superpowers/evidence/task5-continuity-recovery-d6ba92d8/host-reproduce.py:60:89
   |
58 |     q.bind_guest_runtime(binding, binaries)
59 |     bundle = stage / 'source.bundle'
60 |     refs = q.output(['git', 'for-each-ref', '--format=%(refname)', 'refs/heads', 'refs/tags'], source).splitlines()
   |                                                                                         ^^^^^^^^^^^^^^^^^^^^^^^^^^^
61 |     q.output(['git', 'bundle', 'create', str(bundle), 'HEAD', *refs], source, timeout=180)
62 |     binding['bundle_sha256'] = q.sha256(bundle)
   |

E501 Line too long (90 > 88)
  --> docs/superpowers/evidence/task5-continuity-recovery-d6ba92d8/host-reproduce.py:61:89
   |
59 |     bundle = stage / 'source.bundle'
60 |     refs = q.output(['git', 'for-each-ref', '--format=%(refname)', 'refs/heads', 'refs/tags'], source).splitlines()
61 |     q.output(['git', 'bundle', 'create', str(bundle), 'HEAD', *refs], source, timeout=180)
   |                                                                                         ^^
62 |     binding['bundle_sha256'] = q.sha256(bundle)
63 |     binding['guest_program_sha256'] = q.sha256(program)
   |

E501 Line too long (561 > 88)
  --> docs/superpowers/evidence/task5-continuity-recovery-d6ba92d8/host-reproduce.py:68:89
   |
66 | …
67 | …
68 | …); b=json.loads((r/'input.json').read_text()); assert hashlib.sha256((r/'source.bundle').read_bytes()).hexdigest()==b['bundle_sha256']; assert hashlib.sha256((r/'guest-reproduce.py').read_bytes()).hexdigest()==b['guest_program_sha256']; subprocess.run(['git','clone','--no-checkout',str(r/'source.bundle'),str(r/'source')],check=True); subprocess.run(['git','checkout','--detach',b['source_commit']],cwd=r/'source',check=True); (r/'source/qualification.patch').write_bytes(b'')"
   |       ^^^^^^^^^^^^^^^^^^^^^^^^^^^^^^^^^^^^^^^^^^^^^^^^^^^^^^^^^^^^^^^^^^^^^^^^^^^^^^^^^^^^^^^^^^^^^^^^^^^^^^^^^^^^^^^^^^^^^^^^^^^^^^^^^^^^^^^^^^^^^^^^^^^^^^^^^^^^^^^^^^^^^^^^^^^^^^^^^^^^^^^^^^^^^^^^^^^^^^^^^^^^^^^^^^^^^^^^^^^^^^^^^^^^^^^^^^^^^^^^^^^^^^^^^^^^^^^^^^^^^^^^^^^^^^^^^^^^^^^^^^^^^^^^^^^^^^^^^^^^^^^^^^^^^^^^^^^^^^^^^^^^^^^^^^^^^^^^^^^^^^^^^^^^^^^^^^^^^^^^^^^^^^^^^^^^^^^^^^^^^^^^^^^^^^^^^^^^^^^^^^^^^^^^^^^^^^^^^^^^^^^^^^^^^^^^^^^^^^^^^^^^^^^^^^^^^^^^^^^^^^^^^^^^^^^^^
69 | …
70 | …st-reproduce.py'), str(remote))
   |

E501 Line too long (114 > 88)
  --> docs/superpowers/evidence/task5-continuity-recovery-d6ba92d8/host-reproduce.py:70:89
   |
68 |     setup = "import hashlib,json,pathlib,subprocess,sys; r=pathlib.Path(sys.argv[1]); b=json.loads((r/'input.json').read_text()); asse…
69 |     command('exec', name, '--', 'python3', '-c', setup, str(remote), timeout=300)
70 |     detached = command('exec', '--detach', name, '--', 'python3', str(remote / 'guest-reproduce.py'), str(remote))
   |                                                                                         ^^^^^^^^^^^^^^^^^^^^^^^^^^
71 |     execution = __import__('re').search(r'\bexec_[a-z0-9]+\b', detached)
72 |     q.require(execution, 'Namespace execution ID missing')
   |

E501 Line too long (130 > 88)
  --> docs/superpowers/evidence/task5-continuity-recovery-d6ba92d8/host-reproduce.py:73:89
   |
71 |     execution = __import__('re').search(r'\bexec_[a-z0-9]+\b', detached)
72 |     q.require(execution, 'Namespace execution ID missing')
73 |     q.new_json(local / 'execution.json', {'execution_id': execution[0], 'remote': str(remote), 'namespace': binding['namespace']})
   |                                                                                         ^^^^^^^^^^^^^^^^^^^^^^^^^^^^^^^^^^^^^^^^^^
74 |     deadline = time.monotonic() + 7200
75 |     while time.monotonic() < deadline:
   |

E501 Line too long (128 > 88)
  --> docs/superpowers/evidence/task5-continuity-recovery-d6ba92d8/host-reproduce.py:77:89
   |
75 |     while time.monotonic() < deadline:
76 |         observed = observe(identity)
77 |         q.require(observed['state'] == 'running' and observed['instance_id'] == active['instance_id'], 'guest instance changed')
   |                                                                                         ^^^^^^^^^^^^^^^^^^^^^^^^^^^^^^^^^^^^^^^^
78 |         test = subprocess.run([cli, 'exec', name, '--', '/bin/test', '-s', str(remote / 'evidence/export.json')], env=cli_env, capture…
79 |         q.require(test.returncode in {0, 1}, 'guest observation failed')
   |

E501 Line too long (159 > 88)
  --> docs/superpowers/evidence/task5-continuity-recovery-d6ba92d8/host-reproduce.py:78:89
   |
76 | …
77 | …rved['instance_id'] == active['instance_id'], 'guest instance changed')
78 | …/bin/test', '-s', str(remote / 'evidence/export.json')], env=cli_env, capture_output=True, timeout=45)
   |                                 ^^^^^^^^^^^^^^^^^^^^^^^^^^^^^^^^^^^^^^^^^^^^^^^^^^^^^^^^^^^^^^^^^^^^^^^
79 | …vation failed')
80 | …
   |

E501 Line too long (95 > 88)
  --> docs/superpowers/evidence/task5-continuity-recovery-d6ba92d8/host-reproduce.py:85:89
   |
83 |     else:
84 |         raise TimeoutError('guest reproduction evidence deadline')
85 |     command('download', name, str(remote / 'evidence/export.json'), str(local / 'export.json'))
   |                                                                                         ^^^^^^^
86 |     exported = json.loads((local / 'export.json').read_text())
87 |     for filename, expected in exported['files'].items():
   |

E501 Line too long (93 > 88)
  --> docs/superpowers/evidence/task5-continuity-recovery-d6ba92d8/host-reproduce.py:89:89
   |
87 |     for filename, expected in exported['files'].items():
88 |         q.evidence_name(filename)
89 |         command('download', name, str(remote / 'evidence' / filename), str(local / filename))
   |                                                                                         ^^^^^
90 |         q.require(q.sha256(q.regular(local / filename)) == expected, 'export digest differs')
91 |     if exported.get('tarball'):
   |

E501 Line too long (93 > 88)
  --> docs/superpowers/evidence/task5-continuity-recovery-d6ba92d8/host-reproduce.py:90:89
   |
88 |         q.evidence_name(filename)
89 |         command('download', name, str(remote / 'evidence' / filename), str(local / filename))
90 |         q.require(q.sha256(q.regular(local / filename)) == expected, 'export digest differs')
   |                                                                                         ^^^^^
91 |     if exported.get('tarball'):
92 |         filename = q.evidence_name(exported['tarball'])
   |

E501 Line too long (93 > 88)
  --> docs/superpowers/evidence/task5-continuity-recovery-d6ba92d8/host-reproduce.py:93:89
   |
91 |     if exported.get('tarball'):
92 |         filename = q.evidence_name(exported['tarball'])
93 |         command('download', name, str(remote / filename), str(local / filename), timeout=300)
   |                                                                                         ^^^^^
94 |         q.require(q.sha256(q.regular(local / filename)) == exported['sha256'], 'produced tarball digest differs')
95 |     result = json.loads((local / 'guest-reproduction.json').read_text())
   |

E501 Line too long (113 > 88)
  --> docs/superpowers/evidence/task5-continuity-recovery-d6ba92d8/host-reproduce.py:94:89
   |
92 |         filename = q.evidence_name(exported['tarball'])
93 |         command('download', name, str(remote / filename), str(local / filename), timeout=300)
94 |         q.require(q.sha256(q.regular(local / filename)) == exported['sha256'], 'produced tarball digest differs')
   |                                                                                         ^^^^^^^^^^^^^^^^^^^^^^^^^
95 |     result = json.loads((local / 'guest-reproduction.json').read_text())
96 |     return {'guest_result': 'pass' if result['success'] else 'fail', 'source_commit': binding['source_commit'], 'namespace': binding['…
   |

E501 Line too long (231 > 88)
  --> docs/superpowers/evidence/task5-continuity-recovery-d6ba92d8/host-reproduce.py:96:89
   |
94 | …duced tarball digest differs')
95 | …
96 | …': binding['source_commit'], 'namespace': binding['namespace'], 'execution_id': execution[0], 'remote': str(remote), 'qualification_receipt': False}
   |       ^^^^^^^^^^^^^^^^^^^^^^^^^^^^^^^^^^^^^^^^^^^^^^^^^^^^^^^^^^^^^^^^^^^^^^^^^^^^^^^^^^^^^^^^^^^^^^^^^^^^^^^^^^^^^^^^^^^^^^^^^^^^^^^^^^^^^^^^^^^^^^^
97 | …
98 | …
   |

E501 Line too long (153 > 88)
   --> docs/superpowers/evidence/task5-continuity-recovery-d6ba92d8/host-reproduce.py:100:89
    |
 98 | …
 99 | …unlink a foreign claim.
100 | …e-owner-' + identity + '.lock'), Path('/private/tmp') / ('namespace-owner-' + identity + '.lock')}
    |                                   ^^^^^^^^^^^^^^^^^^^^^^^^^^^^^^^^^^^^^^^^^^^^^^^^^^^^^^^^^^^^^^^^^
101 | …
102 | …REAT | os.O_EXCL, 0o600)
    |

E501 Line too long (166 > 88)
   --> docs/superpowers/evidence/task5-continuity-recovery-d6ba92d8/host-reproduce.py:105:89
    |
103 | …
104 | …)
105 | …_id': run_id, 'scope': 'Task5 reproduction', 'pid': os.getpid(), 'authorization_quote': quote}).encode())
    |                             ^^^^^^^^^^^^^^^^^^^^^^^^^^^^^^^^^^^^^^^^^^^^^^^^^^^^^^^^^^^^^^^^^^^^^^^^^^^^^^
106 | …
107 | …rk, observe, lambda: None, stop=lambda exact: command('stop', exact, '--force'))
    |

E501 Line too long (141 > 88)
   --> docs/superpowers/evidence/task5-continuity-recovery-d6ba92d8/host-reproduce.py:107:89
    |
105 | … owner, 'run_id': run_id, 'scope': 'Task5 reproduction', 'pid': os.getpid(), 'authorization_quote': quote}).encode())
106 | …
107 | …identity, work, observe, lambda: None, stop=lambda exact: command('stop', exact, '--force'))
    |                                         ^^^^^^^^^^^^^^^^^^^^^^^^^^^^^^^^^^^^^^^^^^^^^^^^^^^^^
108 | …urn': '2026-10-07 15:09 EDT'}
109 | …
    |

I001 [*] Import block is un-sorted or un-formatted
  --> docs/superpowers/evidence/task5-continuity-recovery-d6ba92d8/host-root-workspace-proof.py:3:1
   |
 1 |   #!/usr/bin/env python3
 2 |   """Compare scoped root/workspace checkpoint bytes before and after exact guest stop."""
 3 | / import fcntl
 4 | | import importlib.util
 5 | | import json
 6 | | import os
 7 | | from pathlib import Path
 8 | | import subprocess
 9 | | import tempfile
10 | | import uuid
   | |___________^
11 |
12 |   source = Path(__file__).resolve().parents[4]
   |
help: Organize imports

E501 Line too long (104 > 88)
  --> docs/superpowers/evidence/task5-continuity-recovery-d6ba92d8/host-root-workspace-proof.py:13:89
   |
12 | source = Path(__file__).resolve().parents[4]
13 | spec = importlib.util.spec_from_file_location('qualifier', source / 'scripts/mac/9router_vm_qualify.py')
   |                                                                                         ^^^^^^^^^^^^^^^^
14 | q = importlib.util.module_from_spec(spec)
15 | spec.loader.exec_module(q)
   |

E501 Line too long (144 > 88)
  --> docs/superpowers/evidence/task5-continuity-recovery-d6ba92d8/host-root-workspace-proof.py:32:89
   |
30 | …
31 | …parents=True,exist_ok=True)
32 | …redential root/workspace durability check','id':sys.argv[1]},f);f.flush();os.fsync(f.fileno())
   |                                        ^^^^^^^^^^^^^^^^^^^^^^^^^^^^^^^^^^^^^^^^^^^^^^^^^^^^^^^^
33 | …
34 | …
   |

E501 Line too long (131 > 88)
  --> docs/superpowers/evidence/task5-continuity-recovery-d6ba92d8/host-root-workspace-proof.py:38:89
   |
36 | …
37 | …
38 | …shes':{str(p):hashlib.sha256(p.read_bytes()).hexdigest() for p in paths}});time.sleep(2)
   |                                               ^^^^^^^^^^^^^^^^^^^^^^^^^^^^^^^^^^^^^^^^^^^
39 | …/sbin/diskutil','info','-plist',str(root)],capture_output=True,check=True).stdout)
40 | …kspace_resolved':str(workspace),'volume_uuid':volume.get('VolumeUUID'),'device':volume.get('DeviceIdentifier'),'paths':[{'path':str(p…
   |

E501 Line too long (471 > 88)
  --> docs/superpowers/evidence/task5-continuity-recovery-d6ba92d8/host-root-workspace-proof.py:40:89
   |
38 | …s()).hexdigest() for p in paths}});time.sleep(2)
39 | …)],capture_output=True,check=True).stdout)
40 | …uuid':volume.get('VolumeUUID'),'device':volume.get('DeviceIdentifier'),'paths':[{'path':str(p),'exists':p.exists(),'sha256':hashlib.sha256(p.read_bytes()).hexdigest() if p.exists() else None,'device':p.stat().st_dev if p.exists() else None} for p in paths],'within_process':observations,'hostname':subprocess.run(['/bin/hostname'],capture_output=True,text=True,check=True).stdout.strip()}
   |       ^^^^^^^^^^^^^^^^^^^^^^^^^^^^^^^^^^^^^^^^^^^^^^^^^^^^^^^^^^^^^^^^^^^^^^^^^^^^^^^^^^^^^^^^^^^^^^^^^^^^^^^^^^^^^^^^^^^^^^^^^^^^^^^^^^^^^^^^^^^^^^^^^^^^^^^^^^^^^^^^^^^^^^^^^^^^^^^^^^^^^^^^^^^^^^^^^^^^^^^^^^^^^^^^^^^^^^^^^^^^^^^^^^^^^^^^^^^^^^^^^^^^^^^^^^^^^^^^^^^^^^^^^^^^^^^^^^^^^^^^^^^^^^^^^^^^^^^^^^^^^^^^^^^^^^^^^^^^^^^^^^^^^^^^^^^^^^^^^^^^^^^^^^^^^^^^^^^^^^^^^^^^^^^^^^^^^^^^^^^^^^^
41 | …
42 | …
   |

E501 Line too long (106 > 88)
  --> docs/superpowers/evidence/task5-continuity-recovery-d6ba92d8/host-root-workspace-proof.py:43:89
   |
41 | if phase=='create':
42 |  services=[]
43 |  for directory in ['/Library/LaunchDaemons','/Library/LaunchAgents','/Users/runner/Library/LaunchAgents']:
   |                                                                                         ^^^^^^^^^^^^^^^^^^
44 |   d=pathlib.Path(directory)
45 |   if not d.exists():continue
   |

E501 Line too long (391 > 88)
  --> docs/superpowers/evidence/task5-continuity-recovery-d6ba92d8/host-root-workspace-proof.py:48:89
   |
46 | …
47 | …ue
48 | …nd({'file':str(p),'sha256':hashlib.sha256(p.read_bytes()).hexdigest(),'label':v.get('Label'),'program':v.get('Program'),'argument_executable':args[0] if args else None,'arguments_count':len(args),'run_at_load':v.get('RunAtLoad'),'keep_alive':v.get('KeepAlive'),'working_directory':v.get('WorkingDirectory')})
   |       ^^^^^^^^^^^^^^^^^^^^^^^^^^^^^^^^^^^^^^^^^^^^^^^^^^^^^^^^^^^^^^^^^^^^^^^^^^^^^^^^^^^^^^^^^^^^^^^^^^^^^^^^^^^^^^^^^^^^^^^^^^^^^^^^^^^^^^^^^^^^^^^^^^^^^^^^^^^^^^^^^^^^^^^^^^^^^^^^^^^^^^^^^^^^^^^^^^^^^^^^^^^^^^^^^^^^^^^^^^^^^^^^^^^^^^^^^^^^^^^^^^^^^^^^^^^^^^^^^^^^^^^^^^^^^^^^^^^^^^^^^^^^^^^^^^^^^^^^^^^^^^^
49 | …
50 | …
   |

E501 Line too long (96 > 88)
  --> docs/superpowers/evidence/task5-continuity-recovery-d6ba92d8/host-root-workspace-proof.py:54:89
   |
52 |  for item in services:
53 |   plist=pathlib.Path(item['file']);v=plistlib.loads(plist.read_bytes());args=v.get('ProgramArguments',[])
54 |   if len(args)>1 and args[0] in ['/bin/bash','/bin/sh']:candidates.append(pathlib.Path(args[1]))
   |                                                                                         ^^^^^^^^
55 |  for p in candidates:
56 |   if not p.is_file():continue
   |

E501 Line too long (398 > 88)
  --> docs/superpowers/evidence/task5-continuity-recovery-d6ba92d8/host-root-workspace-proof.py:57:89
   |
55 | …
56 | …
57 | …e in enumerate(text.splitlines()) if any(word in line.lower() for word in ['rm ','delete','unlink','rmtree','rsync','restore','snapshot','mount','apfs','sync','9router','workspace','devbox']) and not any(word in line.lower() for word in ['token','password','secret','credential','authorization','cookie','bearer'])]
   |       ^^^^^^^^^^^^^^^^^^^^^^^^^^^^^^^^^^^^^^^^^^^^^^^^^^^^^^^^^^^^^^^^^^^^^^^^^^^^^^^^^^^^^^^^^^^^^^^^^^^^^^^^^^^^^^^^^^^^^^^^^^^^^^^^^^^^^^^^^^^^^^^^^^^^^^^^^^^^^^^^^^^^^^^^^^^^^^^^^^^^^^^^^^^^^^^^^^^^^^^^^^^^^^^^^^^^^^^^^^^^^^^^^^^^^^^^^^^^^^^^^^^^^^^^^^^^^^^^^^^^^^^^^^^^^^^^^^^^^^^^^^^^^^^^^^^^^^^^^^^^^^^^^^^^^^
58 | …,'line_count':len(text.splitlines()),'scoped_relevant_lines':safe})
59 | …
   |

E501 Line too long (90 > 88)
  --> docs/superpowers/evidence/task5-continuity-recovery-d6ba92d8/host-root-workspace-proof.py:68:89
   |
66 |     for fd, path in claims:
67 |         a, b = os.fstat(fd), path.lstat()
68 |         q.require((a.st_dev, a.st_ino) == (b.st_dev, b.st_ino), 'Lifecycle claim changed')
   |                                                                                         ^^
69 |
70 | def command(*args):
   |

E501 Line too long (171 > 88)
  --> docs/superpowers/evidence/task5-continuity-recovery-d6ba92d8/host-root-workspace-proof.py:76:89
   |
74 | …
75 | …
76 | …/ 'snapshot-metadata.mjs'), str(sdk), str(target)], cwd=source, capture_output=True, text=True, timeout=120)
   |                           ^^^^^^^^^^^^^^^^^^^^^^^^^^^^^^^^^^^^^^^^^^^^^^^^^^^^^^^^^^^^^^^^^^^^^^^^^^^^^^^^^^^
77 | …d-only lineage collection failed')
   |

E501 Line too long (97 > 88)
  --> docs/superpowers/evidence/task5-continuity-recovery-d6ba92d8/host-root-workspace-proof.py:77:89
   |
75 |     target = local / (label + '-api.json')
76 |     result = subprocess.run(['node', str(Path(__file__).parent / 'snapshot-metadata.mjs'), str(sdk), str(target)], cwd=source, capture…
77 |     q.require(result.returncode == 0 and target.is_file(), 'Read-only lineage collection failed')
   |                                                                                         ^^^^^^^^^
78 |
79 | def work(phase):
   |

E501 Line too long (95 > 88)
  --> docs/superpowers/evidence/task5-continuity-recovery-d6ba92d8/host-root-workspace-proof.py:83:89
   |
81 |     active = metadata(identity)
82 |     api_snapshot(phase + '-before')
83 |     observed = json.loads(command('exec', name, '--', 'python3', '-c', program, run_id, phase))
   |                                                                                         ^^^^^^^
84 |     q.new_json(local / (phase + '.json'), {'namespace': active, **observed})
85 |     if phase == 'create':
   |

E501 Line too long (111 > 88)
  --> docs/superpowers/evidence/task5-continuity-recovery-d6ba92d8/host-root-workspace-proof.py:86:89
   |
84 |     q.new_json(local / (phase + '.json'), {'namespace': active, **observed})
85 |     if phase == 'create':
86 |         again = json.loads(command('exec', name, '--', 'python3', '-c', program, run_id, 'same-instance-read'))
   |                                                                                         ^^^^^^^^^^^^^^^^^^^^^^^
87 |         q.require(metadata(identity)['instance_id'] == active['instance_id'], 'Instance changed during running byte comparison')
88 |         q.new_json(local / 'same-instance-read.json', {'namespace': active, **again})
   |

E501 Line too long (128 > 88)
  --> docs/superpowers/evidence/task5-continuity-recovery-d6ba92d8/host-root-workspace-proof.py:87:89
   |
85 |     if phase == 'create':
86 |         again = json.loads(command('exec', name, '--', 'python3', '-c', program, run_id, 'same-instance-read'))
87 |         q.require(metadata(identity)['instance_id'] == active['instance_id'], 'Instance changed during running byte comparison')
   |                                                                                         ^^^^^^^^^^^^^^^^^^^^^^^^^^^^^^^^^^^^^^^^
88 |         q.new_json(local / 'same-instance-read.json', {'namespace': active, **again})
89 |     api_snapshot(phase + '-after-work')
   |

E501 Line too long (140 > 88)
  --> docs/superpowers/evidence/task5-continuity-recovery-d6ba92d8/host-root-workspace-proof.py:90:89
   |
88 | …son', {'namespace': active, **again})
89 | …
90 | …oot/workspace checkpoint persistence and scoped startup metadata only', 'namespace': active}
   |                                          ^^^^^^^^^^^^^^^^^^^^^^^^^^^^^^^^^^^^^^^^^^^^^^^^^^^^
91 | …
92 | …
   |

E501 Line too long (164 > 88)
  --> docs/superpowers/evidence/task5-continuity-recovery-d6ba92d8/host-root-workspace-proof.py:93:89
   |
92 | …
93 | …space-owner-' + identity + '.lock'), Path('/private/tmp') / ('namespace-owner-' + identity + '.lock')}):
   |                              ^^^^^^^^^^^^^^^^^^^^^^^^^^^^^^^^^^^^^^^^^^^^^^^^^^^^^^^^^^^^^^^^^^^^^^^^^^^^
94 | …);claims.append((fd,path));fcntl.flock(fd,fcntl.LOCK_EX|fcntl.LOCK_NB);os.write(fd,json.dumps({'owner':'1c7bce1a-1309-45c3-a156-cf562…
95 | …
   |

E702 Multiple statements on one line (semicolon)
  --> docs/superpowers/evidence/task5-continuity-recovery-d6ba92d8/host-root-workspace-proof.py:94:62
   |
92 | try:
93 |     for path in sorted({Path(tempfile.gettempdir()) / ('namespace-owner-' + identity + '.lock'), Path('/private/tmp') / ('namespace-ow…
94 |         fd=os.open(path,os.O_RDWR|os.O_CREAT|os.O_EXCL,0o600);claims.append((fd,path));fcntl.flock(fd,fcntl.LOCK_EX|fcntl.LOCK_NB);os.…
   |                                                              ^
95 |     for phase in ['create','read']:
96 |         with q.interruption_boundary():
   |

E702 Multiple statements on one line (semicolon)
  --> docs/superpowers/evidence/task5-continuity-recovery-d6ba92d8/host-root-workspace-proof.py:94:87
   |
92 | try:
93 |     for path in sorted({Path(tempfile.gettempdir()) / ('namespace-owner-' + identity + '.lock'), Path('/private/tmp') / ('namespace-ow…
94 |         fd=os.open(path,os.O_RDWR|os.O_CREAT|os.O_EXCL,0o600);claims.append((fd,path));fcntl.flock(fd,fcntl.LOCK_EX|fcntl.LOCK_NB);os.…
   |                                                                                       ^
95 |     for phase in ['create','read']:
96 |         with q.interruption_boundary():
   |

E501 Line too long (282 > 88)
  --> docs/superpowers/evidence/task5-continuity-recovery-d6ba92d8/host-root-workspace-proof.py:94:89
   |
92 | …
93 | …y + '.lock'), Path('/private/tmp') / ('namespace-owner-' + identity + '.lock')}):
94 | …h));fcntl.flock(fd,fcntl.LOCK_EX|fcntl.LOCK_NB);os.write(fd,json.dumps({'owner':'1c7bce1a-1309-45c3-a156-cf5623c06fda','pid':os.getpid(),'scope':'Task5 root/workspace boundary comparison'}).encode())
   |       ^^^^^^^^^^^^^^^^^^^^^^^^^^^^^^^^^^^^^^^^^^^^^^^^^^^^^^^^^^^^^^^^^^^^^^^^^^^^^^^^^^^^^^^^^^^^^^^^^^^^^^^^^^^^^^^^^^^^^^^^^^^^^^^^^^^^^^^^^^^^^^^^^^^^^^^^^^^^^^^^^^^^^^^^^^^^^^^^^^^^^^^^^^^^^^^^^^
95 | …
96 | …
   |

E702 Multiple statements on one line (semicolon)
  --> docs/superpowers/evidence/task5-continuity-recovery-d6ba92d8/host-root-workspace-proof.py:94:131
   |
92 | …
93 | …e-owner-' + identity + '.lock'), Path('/private/tmp') / ('namespace-owner-' + identity + '.lock')}):
94 | …aims.append((fd,path));fcntl.flock(fd,fcntl.LOCK_EX|fcntl.LOCK_NB);os.write(fd,json.dumps({'owner':'1c7bce1a-1309-45c3-a156-cf5623c06…
   |                                                                    ^
95 | …
96 | …
   |

E501 Line too long (149 > 88)
  --> docs/superpowers/evidence/task5-continuity-recovery-d6ba92d8/host-root-workspace-proof.py:97:89
   |
95 | …
96 | …
97 | …ntity,lambda:work(phase),metadata,lambda:None,stop=lambda exact:command('stop',exact,'--force'))
   |                                     ^^^^^^^^^^^^^^^^^^^^^^^^^^^^^^^^^^^^^^^^^^^^^^^^^^^^^^^^^^^^^
98 | …
99 | …ied') and not result.get('failure'),'Guest observation or cleanup incomplete')
   |

E501 Line too long (131 > 88)
   --> docs/superpowers/evidence/task5-continuity-recovery-d6ba92d8/host-root-workspace-proof.py:99:89
    |
 97 | …(name,identity,lambda:work(phase),metadata,lambda:None,stop=lambda exact:command('stop',exact,'--force'))
 98 | …),result)
 99 | …et('verified') and not result.get('failure'),'Guest observation or cleanup incomplete')
    |                                              ^^^^^^^^^^^^^^^^^^^^^^^^^^^^^^^^^^^^^^^^^^^
100 | …
101 | …'run_id':run_id}))
    |

E701 Multiple statements on one line (colon)
   --> docs/superpowers/evidence/task5-continuity-recovery-d6ba92d8/host-root-workspace-proof.py:103:26
    |
101 |     print(json.dumps({'evidence':str(local),'run_id':run_id}))
102 |     owned()
103 |     for fd,path in claims:path.unlink()
    |                          ^
104 | finally:
105 |     for fd,path in claims:os.close(fd)
    |

E701 Multiple statements on one line (colon)
   --> docs/superpowers/evidence/task5-continuity-recovery-d6ba92d8/host-root-workspace-proof.py:105:26
    |
103 |     for fd,path in claims:path.unlink()
104 | finally:
105 |     for fd,path in claims:os.close(fd)
    |                          ^
    |

I001 [*] Import block is un-sorted or un-formatted
  --> docs/superpowers/evidence/task5-continuity-recovery-d6ba92d8/host-signin.py:3:1
   |
 1 |   #!/usr/bin/env python3
 2 |   """Bounded host orchestration for approved independent guest sign-in."""
 3 | / import fcntl
 4 | | import importlib.util
 5 | | import json
 6 | | import os
 7 | | from pathlib import Path
 8 | | import re
 9 | | import subprocess
10 | | import tempfile
11 | | import time
12 | | import types
13 | | import uuid
   | |___________^
14 |
15 |   source = Path(__file__).resolve().parents[4]
   |
help: Organize imports

E501 Line too long (104 > 88)
  --> docs/superpowers/evidence/task5-continuity-recovery-d6ba92d8/host-signin.py:16:89
   |
15 | source = Path(__file__).resolve().parents[4]
16 | spec = importlib.util.spec_from_file_location('qualifier', source / 'scripts/mac/9router_vm_qualify.py')
   |                                                                                         ^^^^^^^^^^^^^^^^
17 | q = importlib.util.module_from_spec(spec)
18 | spec.loader.exec_module(q)
   |

E501 Line too long (116 > 88)
  --> docs/superpowers/evidence/task5-continuity-recovery-d6ba92d8/host-signin.py:22:89
   |
20 | sdk = Path('/tmp').resolve() / 'namespace-runtime-check-ef67fdaa'
21 | cli = str(Path.home() / '.local/bin/devbox')
22 | quote = 'Yes—provision the guest baseline; I will complete independent provider sign-in when prompted (Recommended)'
   |                                                                                         ^^^^^^^^^^^^^^^^^^^^^^^^^^^^
23 | run_id = 'task5-signin-' + uuid.uuid4().hex[:16]
24 | remote = q.GUEST_ROOT / run_id
   |

E501 Line too long (122 > 88)
  --> docs/superpowers/evidence/task5-continuity-recovery-d6ba92d8/host-signin.py:30:89
   |
28 | claims, forwards = [], []
29 | checkpoint = None
30 | cli_env = {k: v for k, v in os.environ.items() if k not in {'SONAR_TOKEN', 'SONARQUBE_CLI_TOKEN', 'NINEROUTER_PROBE_KEY'}}
   |                                                                                         ^^^^^^^^^^^^^^^^^^^^^^^^^^^^^^^^^^
31 | tarball = Path(__file__).parent / 'task5-repro-aa6197854dc545c4/9router-0.5.91-lfenergy.7.tgz'
   |

E501 Line too long (94 > 88)
  --> docs/superpowers/evidence/task5-continuity-recovery-d6ba92d8/host-signin.py:31:89
   |
29 | checkpoint = None
30 | cli_env = {k: v for k, v in os.environ.items() if k not in {'SONAR_TOKEN', 'SONARQUBE_CLI_TOKEN', 'NINEROUTER_PROBE_KEY'}}
31 | tarball = Path(__file__).parent / 'task5-repro-aa6197854dc545c4/9router-0.5.91-lfenergy.7.tgz'
   |                                                                                         ^^^^^^
32 |
33 | def owned():
   |

E501 Line too long (121 > 88)
  --> docs/superpowers/evidence/task5-continuity-recovery-d6ba92d8/host-signin.py:36:89
   |
34 |     for fd, path in claims:
35 |         live, held = path.lstat(), os.fstat(fd)
36 |         q.require((live.st_dev, live.st_ino) == (held.st_dev, held.st_ino), 'Foreign lifecycle claim replaced our claim')
   |                                                                                         ^^^^^^^^^^^^^^^^^^^^^^^^^^^^^^^^^
37 |
38 | def command(*args, timeout=180):
   |

E501 Line too long (156 > 88)
  --> docs/superpowers/evidence/task5-continuity-recovery-d6ba92d8/host-signin.py:59:89
   |
57 | …
58 | …
59 | …d'] == identity and active['name'] == name and active['instance_id'], 'Activated identity mismatch')
   |                                  ^^^^^^^^^^^^^^^^^^^^^^^^^^^^^^^^^^^^^^^^^^^^^^^^^^^^^^^^^^^^^^^^^^^^
60 | …e(source_file=[]), stage)
61 | …: identity, 'instance_id': active['instance_id']}, tgz=str(remote / 'candidate.tgz'), authorization={'quote': quote, 'turn': '2026-10…
   |

E501 Line too long (391 > 88)
  --> docs/superpowers/evidence/task5-continuity-recovery-d6ba92d8/host-signin.py:61:89
   |
59 | …'name'] == name and active['instance_id'], 'Activated identity mismatch')
60 | …
61 | …active['instance_id']}, tgz=str(remote / 'candidate.tgz'), authorization={'quote': quote, 'turn': '2026-10-07 16:33 EDT chat_selection task5_guest_authentication', 'activation_quote': 'Namespace activation needs your explicit approval - EXPLICIT APPROVAL GRANTED', 'activation_turn': '2026-10-07 15:09 EDT'})
   |       ^^^^^^^^^^^^^^^^^^^^^^^^^^^^^^^^^^^^^^^^^^^^^^^^^^^^^^^^^^^^^^^^^^^^^^^^^^^^^^^^^^^^^^^^^^^^^^^^^^^^^^^^^^^^^^^^^^^^^^^^^^^^^^^^^^^^^^^^^^^^^^^^^^^^^^^^^^^^^^^^^^^^^^^^^^^^^^^^^^^^^^^^^^^^^^^^^^^^^^^^^^^^^^^^^^^^^^^^^^^^^^^^^^^^^^^^^^^^^^^^^^^^^^^^^^^^^^^^^^^^^^^^^^^^^^^^^^^^^^^^^^^^^^^^^^^^^^^^^^^^^^^
62 | …
63 | …ntime.py'))
   |

E501 Line too long (94 > 88)
  --> docs/superpowers/evidence/task5-continuity-recovery-d6ba92d8/host-signin.py:63:89
   |
61 |     binding.update(run_id=run_id, namespace={'devbox_id': identity, 'instance_id': active['instance_id']}, tgz=str(remote / 'candidate…
62 |     command('exec', name, '--', '/bin/mkdir', '-p', '-m', '700', str(remote))
63 |     command('upload', name, str(q.HERE / '9router_vm_qualify.py'), str(remote / 'runtime.py'))
   |                                                                                         ^^^^^^
64 |     binaries = json.loads(command('exec', name, '--', 'python3', str(remote / 'runtime.py'), 'runtime', '--tools', str(q.GUEST_ROOT / …
65 |     q.bind_guest_runtime(binding, binaries)
   |

E501 Line too long (169 > 88)
  --> docs/superpowers/evidence/task5-continuity-recovery-d6ba92d8/host-signin.py:64:89
   |
62 | …', str(remote))
63 | …y'), str(remote / 'runtime.py'))
64 | …', str(remote / 'runtime.py'), 'runtime', '--tools', str(q.GUEST_ROOT / 'tools' / q.CADDY_ARCHIVE_SHA256)))
   |                            ^^^^^^^^^^^^^^^^^^^^^^^^^^^^^^^^^^^^^^^^^^^^^^^^^^^^^^^^^^^^^^^^^^^^^^^^^^^^^^^^^
65 | …
66 | …
   |

E501 Line too long (673 > 88)
  --> docs/superpowers/evidence/task5-continuity-recovery-d6ba92d8/host-signin.py:72:89
   |
70 | …
71 | …
72 | …); b=json.loads((r/'input.json').read_text()); assert hashlib.sha256((r/'source.bundle').read_bytes()).hexdigest()==b['bundle_sha256']; subprocess.run(['git','clone','--no-checkout',str(r/'source.bundle'),str(r/'source')],check=True); subprocess.run(['git','checkout','--detach',b['source_commit']],cwd=r/'source',check=True); p=r/'qualification.patch'; assert hashlib.sha256(p.read_bytes()).hexdigest()==b['source_patch_sha256']; p.stat().st_size and subprocess.run(['git','apply','--binary',str(p)],cwd=r/'source',check=True); (r/'source/qualification.patch').write_bytes(p.read_bytes())"
   |       ^^^^^^^^^^^^^^^^^^^^^^^^^^^^^^^^^^^^^^^^^^^^^^^^^^^^^^^^^^^^^^^^^^^^^^^^^^^^^^^^^^^^^^^^^^^^^^^^^^^^^^^^^^^^^^^^^^^^^^^^^^^^^^^^^^^^^^^^^^^^^^^^^^^^^^^^^^^^^^^^^^^^^^^^^^^^^^^^^^^^^^^^^^^^^^^^^^^^^^^^^^^^^^^^^^^^^^^^^^^^^^^^^^^^^^^^^^^^^^^^^^^^^^^^^^^^^^^^^^^^^^^^^^^^^^^^^^^^^^^^^^^^^^^^^^^^^^^^^^^^^^^^^^^^^^^^^^^^^^^^^^^^^^^^^^^^^^^^^^^^^^^^^^^^^^^^^^^^^^^^^^^^^^^^^^^^^^^^^^^^^^^^^^^^^^^^^^^^^^^^^^^^^^^^^^^^^^^^^^^^^^^^^^^^^^^^^^^^^^^^^^^^^^^^^^^^^^^^^^^^^^^^^^^^^^^^^^^^^^^^^^^^^^^^^^^^^^^^^^^^^^^^^^^^^^^^^^^^^^^^^^^^^^^^^^^^^^^^^^^^^^^^^^^^^^^^^^^^^^^^^^^^^^^^^^^^^^^^^^^^^^^^^
73 | …
74 | …est-signin.py'), str(remote))
   |

E501 Line too long (112 > 88)
  --> docs/superpowers/evidence/task5-continuity-recovery-d6ba92d8/host-signin.py:74:89
   |
72 |     setup = "import hashlib,json,pathlib,subprocess,sys; r=pathlib.Path(sys.argv[1]); b=json.loads((r/'input.json').read_text()); asse…
73 |     command('exec', name, '--', 'python3', '-c', setup, str(remote), timeout=300)
74 |     execution = command('exec', '--detach', name, '--', 'python3', str(remote / 'guest-signin.py'), str(remote))
   |                                                                                         ^^^^^^^^^^^^^^^^^^^^^^^^
75 |     match = re.search(r'\bexec_[a-z0-9]+\b', execution)
76 |     q.require(match, 'Guest setup execution ID missing')
   |

E501 Line too long (126 > 88)
  --> docs/superpowers/evidence/task5-continuity-recovery-d6ba92d8/host-signin.py:77:89
   |
75 |     match = re.search(r'\bexec_[a-z0-9]+\b', execution)
76 |     q.require(match, 'Guest setup execution ID missing')
77 |     q.new_json(local / 'execution.json', {'execution_id': match[0], 'namespace': binding['namespace'], 'remote': str(remote)})
   |                                                                                         ^^^^^^^^^^^^^^^^^^^^^^^^^^^^^^^^^^^^^^
78 |     until = time.monotonic() + 1500
79 |     while time.monotonic() < until:
   |

E501 Line too long (128 > 88)
  --> docs/superpowers/evidence/task5-continuity-recovery-d6ba92d8/host-signin.py:81:89
   |
79 |     while time.monotonic() < until:
80 |         observed = metadata(identity)
81 |         q.require(observed['state'] == 'running' and observed['instance_id'] == active['instance_id'], 'Guest identity changed')
   |                                                                                         ^^^^^^^^^^^^^^^^^^^^^^^^^^^^^^^^^^^^^^^^
82 |         seen = subprocess.run([cli, 'exec', name, '--', '/bin/test', '-s', str(remote / 'evidence/export.json')], env=cli_env, capture…
83 |         q.require(seen.returncode in {0, 1}, 'Guest export observation failed')
   |

E501 Line too long (159 > 88)
  --> docs/superpowers/evidence/task5-continuity-recovery-d6ba92d8/host-signin.py:82:89
   |
80 | …
81 | …rved['instance_id'] == active['instance_id'], 'Guest identity changed')
82 | …/bin/test', '-s', str(remote / 'evidence/export.json')], env=cli_env, capture_output=True, timeout=45)
   |                                 ^^^^^^^^^^^^^^^^^^^^^^^^^^^^^^^^^^^^^^^^^^^^^^^^^^^^^^^^^^^^^^^^^^^^^^^
83 | …t observation failed')
84 | …
   |

E501 Line too long (95 > 88)
  --> docs/superpowers/evidence/task5-continuity-recovery-d6ba92d8/host-signin.py:89:89
   |
87 |     else:
88 |         raise TimeoutError('Guest baseline setup deadline')
89 |     command('download', name, str(remote / 'evidence/export.json'), str(local / 'export.json'))
   |                                                                                         ^^^^^^^
90 |     exported = json.loads((local / 'export.json').read_text())
91 |     for filename, digest in exported['files'].items():
   |

E501 Line too long (93 > 88)
  --> docs/superpowers/evidence/task5-continuity-recovery-d6ba92d8/host-signin.py:93:89
   |
91 |     for filename, digest in exported['files'].items():
92 |         q.evidence_name(filename)
93 |         command('download', name, str(remote / 'evidence' / filename), str(local / filename))
   |                                                                                         ^^^^^
94 |         q.require(q.sha256(q.regular(local / filename)) == digest, 'Baseline evidence export differs')
95 |     q.require((local / 'checkpoint.json').exists(), 'Guest setup refused; inspect exported failure.json')
   |

E501 Line too long (102 > 88)
  --> docs/superpowers/evidence/task5-continuity-recovery-d6ba92d8/host-signin.py:94:89
   |
92 |         q.evidence_name(filename)
93 |         command('download', name, str(remote / 'evidence' / filename), str(local / filename))
94 |         q.require(q.sha256(q.regular(local / filename)) == digest, 'Baseline evidence export differs')
   |                                                                                         ^^^^^^^^^^^^^^
95 |     q.require((local / 'checkpoint.json').exists(), 'Guest setup refused; inspect exported failure.json')
96 |     checkpoint = json.loads((local / 'checkpoint.json').read_text())
   |

E501 Line too long (105 > 88)
  --> docs/superpowers/evidence/task5-continuity-recovery-d6ba92d8/host-signin.py:95:89
   |
93 |         command('download', name, str(remote / 'evidence' / filename), str(local / filename))
94 |         q.require(q.sha256(q.regular(local / filename)) == digest, 'Baseline evidence export differs')
95 |     q.require((local / 'checkpoint.json').exists(), 'Guest setup refused; inspect exported failure.json')
   |                                                                                         ^^^^^^^^^^^^^^^^^
96 |     checkpoint = json.loads((local / 'checkpoint.json').read_text())
97 |     # Do not replace occupied dashboard/callback ports or any existing forward client.
   |

E501 Line too long (133 > 88)
   --> docs/superpowers/evidence/task5-continuity-recovery-d6ba92d8/host-signin.py:99:89
    |
 97 | …ack ports or any existing forward client.
 98 | …
 99 | …bin/lsof', '-nP', '-iTCP:' + str(port), '-sTCP:LISTEN'], capture_output=True, text=True)
    |                                             ^^^^^^^^^^^^^^^^^^^^^^^^^^^^^^^^^^^^^^^^^^^^^
100 | … and not observation.stdout.strip(), 'Private sign-in port already occupied: ' + str(port))
101 | …x')
    |

E501 Line too long (136 > 88)
   --> docs/superpowers/evidence/task5-continuity-recovery-d6ba92d8/host-signin.py:100:89
    |
 98 | …
 99 | …in/lsof', '-nP', '-iTCP:' + str(port), '-sTCP:LISTEN'], capture_output=True, text=True)
100 | …and not observation.stdout.strip(), 'Private sign-in port already occupied: ' + str(port))
    |                                            ^^^^^^^^^^^^^^^^^^^^^^^^^^^^^^^^^^^^^^^^^^^^^^^^
101 | …')
102 | …ward', name, '--ports', '32128:21128,1455:1455'], env=cli_env, stdout=log, stderr=subprocess.STDOUT, start_new_session=True)
    |

E501 Line too long (170 > 88)
   --> docs/superpowers/evidence/task5-continuity-recovery-d6ba92d8/host-signin.py:102:89
    |
100 | …on.stdout.strip(), 'Private sign-in port already occupied: ' + str(port))
101 | …
102 | …orts', '32128:21128,1455:1455'], env=cli_env, stdout=log, stderr=subprocess.STDOUT, start_new_session=True)
    |                           ^^^^^^^^^^^^^^^^^^^^^^^^^^^^^^^^^^^^^^^^^^^^^^^^^^^^^^^^^^^^^^^^^^^^^^^^^^^^^^^^^^
103 | …
104 | …
    |

E501 Line too long (164 > 88)
   --> docs/superpowers/evidence/task5-continuity-recovery-d6ba92d8/host-signin.py:107:89
    |
105 | …
106 | …ard exited')
107 | …', '-a', '-p', str(forward.pid), '-iTCP:32128', '-sTCP:LISTEN', '-Fpn'], capture_output=True, text=True)
    |                              ^^^^^^^^^^^^^^^^^^^^^^^^^^^^^^^^^^^^^^^^^^^^^^^^^^^^^^^^^^^^^^^^^^^^^^^^^^^^
108 | …itlines() if line.startswith('n')]
109 | …
    |

E501 Line too long (94 > 88)
   --> docs/superpowers/evidence/task5-continuity-recovery-d6ba92d8/host-signin.py:108:89
    |
106 | …     q.require(forward.poll() is None, 'Private port forward exited')
107 | …     observation = subprocess.run(['/usr/sbin/lsof', '-nP', '-a', '-p', str(forward.pid), '-iTCP:32128', '-sTCP:LISTEN', '-Fpn'], ca…
108 | …     lines = [line[1:] for line in observation.stdout.splitlines() if line.startswith('n')]
    |                                                                                       ^^^^^^
109 | …     if lines:
110 | …         q.require(all(line in {'127.0.0.1:32128', '[::1]:32128', 'localhost:32128'} for line in lines), 'Dashboard forward is not l…
    |

E501 Line too long (149 > 88)
   --> docs/superpowers/evidence/task5-continuity-recovery-d6ba92d8/host-signin.py:110:89
    |
108 | …out.splitlines() if line.startswith('n')]
109 | …
110 | … '[::1]:32128', 'localhost:32128'} for line in lines), 'Dashboard forward is not loopback-only')
    |                                     ^^^^^^^^^^^^^^^^^^^^^^^^^^^^^^^^^^^^^^^^^^^^^^^^^^^^^^^^^^^^^
111 | …
112 | …
    |

E501 Line too long (509 > 88)
   --> docs/superpowers/evidence/task5-continuity-recovery-d6ba92d8/host-signin.py:115:89
    |
113 | …
114 | …
115 | … ['http://localhost:32128/dashboard/providers/codex', 'http://localhost:32128/dashboard/providers/claude'], 'forward_pid': forward.pid, 'supervisor_pid': os.getpid(), 'stop_file': str(local / 'stop.request'), 'completion_file': str(local / 'signin-confirmed.json'), 'sign_in_deadline_epoch': time.time() + 1200, 'dashboard_password_delivery': 'Run the secret-to-clipboard command locally; no password enters chat or evidence'}
    |       ^^^^^^^^^^^^^^^^^^^^^^^^^^^^^^^^^^^^^^^^^^^^^^^^^^^^^^^^^^^^^^^^^^^^^^^^^^^^^^^^^^^^^^^^^^^^^^^^^^^^^^^^^^^^^^^^^^^^^^^^^^^^^^^^^^^^^^^^^^^^^^^^^^^^^^^^^^^^^^^^^^^^^^^^^^^^^^^^^^^^^^^^^^^^^^^^^^^^^^^^^^^^^^^^^^^^^^^^^^^^^^^^^^^^^^^^^^^^^^^^^^^^^^^^^^^^^^^^^^^^^^^^^^^^^^^^^^^^^^^^^^^^^^^^^^^^^^^^^^^^^^^^^^^^^^^^^^^^^^^^^^^^^^^^^^^^^^^^^^^^^^^^^^^^^^^^^^^^^^^^^^^^^^^^^^^^^^^^^^^^^^^^^^^^^^^^^^^^^^^^^^^^^^^^^^^^^^^^^^^^^
116 | …
117 | …dy}), flush=True)
    |

E501 Line too long (100 > 88)
   --> docs/superpowers/evidence/task5-continuity-recovery-d6ba92d8/host-signin.py:117:89
    |
115 |     ready = {**checkpoint, 'url': 'http://localhost:32128/login', 'provider_pages': ['http://localhost:32128/dashboard/providers/code…
116 |     q.new_json(local / 'signin-ready.json', ready)
117 |     print(json.dumps({'phase': 'manual-signin-ready', 'evidence': str(local), **ready}), flush=True)
    |                                                                                         ^^^^^^^^^^^^
118 |     until = time.monotonic() + 1200
119 |     while time.monotonic() < until:
    |

E501 Line too long (108 > 88)
   --> docs/superpowers/evidence/task5-continuity-recovery-d6ba92d8/host-signin.py:123:89
    |
121 |         q.require(forward.poll() is None, 'Owned dashboard forward exited')
122 |         if (local / 'stop.request').exists():
123 |             return {'guest_result': 'unrun', 'checkpoint': 'manual sign-in stopped', 'evidence': str(local)}
    |                                                                                         ^^^^^^^^^^^^^^^^^^^^
124 |         if (local / 'signin-confirmed.json').exists():
125 |             confirmation = q.private_json(local / 'signin-confirmed.json')
    |

E501 Line too long (141 > 88)
   --> docs/superpowers/evidence/task5-continuity-recovery-d6ba92d8/host-signin.py:126:89
    |
124 | …ts():
125 | … 'signin-confirmed.json')
126 | …quote') and confirmation.get('operator_turn'), 'Actual sign-in confirmation quote required')
    |                                         ^^^^^^^^^^^^^^^^^^^^^^^^^^^^^^^^^^^^^^^^^^^^^^^^^^^^^
127 | …ckpoint': 'manual confirmation received; baseline completion still required', 'evidence': str(local)}
128 | …
    |

E501 Line too long (150 > 88)
   --> docs/superpowers/evidence/task5-continuity-recovery-d6ba92d8/host-signin.py:127:89
    |
125 | …gnin-confirmed.json')
126 | …e') and confirmation.get('operator_turn'), 'Actual sign-in confirmation quote required')
127 | …int': 'manual confirmation received; baseline completion still required', 'evidence': str(local)}
    |                                     ^^^^^^^^^^^^^^^^^^^^^^^^^^^^^^^^^^^^^^^^^^^^^^^^^^^^^^^^^^^^^^
128 | …
129 | …entials retained, compute stopped')
    |

E501 Line too long (166 > 88)
   --> docs/superpowers/evidence/task5-continuity-recovery-d6ba92d8/host-signin.py:132:89
    |
131 | …
132 | …espace-owner-' + identity + '.lock'), Path('/private/tmp') / ('namespace-owner-' + identity + '.lock')}):
    |                             ^^^^^^^^^^^^^^^^^^^^^^^^^^^^^^^^^^^^^^^^^^^^^^^^^^^^^^^^^^^^^^^^^^^^^^^^^^^^^^
133 | …CL, 0o600)
134 | …
    |

E501 Line too long (160 > 88)
   --> docs/superpowers/evidence/task5-continuity-recovery-d6ba92d8/host-signin.py:136:89
    |
134 | …
135 | …
136 | …5c3-a156-cf5623c06fda', 'pid': os.getpid(), 'run_id': run_id, 'authorization_quote': quote}).encode())
    |                                ^^^^^^^^^^^^^^^^^^^^^^^^^^^^^^^^^^^^^^^^^^^^^^^^^^^^^^^^^^^^^^^^^^^^^^^^
137 | …
138 | … work, metadata, close, stop=lambda exact: command('stop', exact, '--force'))
    |

E501 Line too long (135 > 88)
   --> docs/superpowers/evidence/task5-continuity-recovery-d6ba92d8/host-signin.py:138:89
    |
136 | …bce1a-1309-45c3-a156-cf5623c06fda', 'pid': os.getpid(), 'run_id': run_id, 'authorization_quote': quote}).encode())
137 | …
138 | …e, identity, work, metadata, close, stop=lambda exact: command('stop', exact, '--force'))
    |                                            ^^^^^^^^^^^^^^^^^^^^^^^^^^^^^^^^^^^^^^^^^^^^^^^
139 | …ult)
140 | …n-closed', 'evidence': str(local), 'result': result}), flush=True)
    |

E501 Line too long (112 > 88)
   --> docs/superpowers/evidence/task5-continuity-recovery-d6ba92d8/host-signin.py:140:89
    |
138 |         result = q.qualification_lifecycle(name, identity, work, metadata, close, stop=lambda exact: command('stop', exact, '--force'…
139 |     q.new_json(local / 'host-signin.json', result)
140 |     print(json.dumps({'phase': 'sign-in-session-closed', 'evidence': str(local), 'result': result}), flush=True)
    |                                                                                         ^^^^^^^^^^^^^^^^^^^^^^^^
141 |     if result.get('cleanup', {}).get('verified'):
142 |         owned()
    |

I001 [*] Import block is un-sorted or un-formatted
  --> docs/superpowers/evidence/task5-continuity-recovery-d6ba92d8/host-storage-inspect.py:3:1
   |
 1 |   #!/usr/bin/env python3
 2 |   """Observe guest storage only, under exclusive approved lifecycle ownership."""
 3 | / import fcntl
 4 | | import importlib.util
 5 | | import json
 6 | | import os
 7 | | from pathlib import Path
 8 | | import tempfile
 9 | | import uuid
   | |___________^
10 |
11 |   root = Path(__file__).resolve().parents[4]
   |
help: Organize imports

E501 Line too long (102 > 88)
  --> docs/superpowers/evidence/task5-continuity-recovery-d6ba92d8/host-storage-inspect.py:12:89
   |
11 | root = Path(__file__).resolve().parents[4]
12 | spec = importlib.util.spec_from_file_location('qualifier', root / 'scripts/mac/9router_vm_qualify.py')
   |                                                                                         ^^^^^^^^^^^^^^
13 | q = importlib.util.module_from_spec(spec)
14 | spec.loader.exec_module(q)
   |

E501 Line too long (102 > 88)
  --> docs/superpowers/evidence/task5-continuity-recovery-d6ba92d8/host-storage-inspect.py:28:89
   |
26 |     for fd, path in claims:
27 |         held, live = os.fstat(fd), path.lstat()
28 |         q.require((held.st_dev, held.st_ino) == (live.st_dev, live.st_ino), 'Lifecycle claim changed')
   |                                                                                         ^^^^^^^^^^^^^^
29 |
30 | def command(*args):
   |

E501 Line too long (105 > 88)
  --> docs/superpowers/evidence/task5-continuity-recovery-d6ba92d8/host-storage-inspect.py:37:89
   |
35 |     command('exec', name, '--', '/usr/bin/uname', '-m')
36 |     active = metadata(identity)
37 |     q.require(active['state'] == 'running' and active['instance_id'], 'Active instance identity missing')
   |                                                                                         ^^^^^^^^^^^^^^^^^
38 |     program = '''import json,pathlib,sqlite3,subprocess,os,plistlib,hashlib
39 | r=pathlib.Path('/Volumes/devbox/9router');h=r/'qualification/task5-signin-5a004deda56e459b/home';b=r/'baseline.json';db=h/'.9router/db…
   |

E501 Line too long (387 > 88)
  --> docs/superpowers/evidence/task5-continuity-recovery-d6ba92d8/host-storage-inspect.py:40:89
   |
38 | …
39 | …56e459b/home';b=r/'baseline.json';db=h/'.9router/db/data.sqlite'
40 | …xists':h.exists(),'database_exists':db.exists(),'qualification_directories':sorted(p.name for p in (r/'qualification').iterdir()) if (r/'qualification').exists() else [],'mounts':subprocess.run(['/sbin/mount'],capture_output=True,text=True,check=True).stdout,'root_listing':[p.name for p in r.iterdir()]}
   |       ^^^^^^^^^^^^^^^^^^^^^^^^^^^^^^^^^^^^^^^^^^^^^^^^^^^^^^^^^^^^^^^^^^^^^^^^^^^^^^^^^^^^^^^^^^^^^^^^^^^^^^^^^^^^^^^^^^^^^^^^^^^^^^^^^^^^^^^^^^^^^^^^^^^^^^^^^^^^^^^^^^^^^^^^^^^^^^^^^^^^^^^^^^^^^^^^^^^^^^^^^^^^^^^^^^^^^^^^^^^^^^^^^^^^^^^^^^^^^^^^^^^^^^^^^^^^^^^^^^^^^^^^^^^^^^^^^^^^^^^^^^^^^^^^^^^^^^^^^^^
41 | …box'],capture_output=True,check=True).stdout);o['volume']={k:v.get(k) for k in ['DeviceIdentifier','VolumeUUID','APFSVolumeUUID','APFSContainerReference','TotalSize','VolumeFreeSpace','MountPoint','VolumeName']}
42 | …str(p.resolve())} for p in [pathlib.Path('/Volumes/devbox'),pathlib.Path('/Users/runner/workspaces')]]
   |

E501 Line too long (294 > 88)
  --> docs/superpowers/evidence/task5-continuity-recovery-d6ba92d8/host-storage-inspect.py:41:89
   |
39 | …56e459b/home';b=r/'baseline.json';db=h/'.9router/db/data.sqlite'
40 | …xists':h.exists(),'database_exists':db.exists(),'qualification_directories':sorted(p.name for p in (r/'qualification').iterdir()) if (r/'qualification').exists() else [],'mounts':subprocess.run(['/sbin/mount'],captur…
41 | …box'],capture_output=True,check=True).stdout);o['volume']={k:v.get(k) for k in ['DeviceIdentifier','VolumeUUID','APFSVolumeUUID','APFSContainerReference','TotalSize','VolumeFreeSpace','MountPoint','VolumeName']}
   |       ^^^^^^^^^^^^^^^^^^^^^^^^^^^^^^^^^^^^^^^^^^^^^^^^^^^^^^^^^^^^^^^^^^^^^^^^^^^^^^^^^^^^^^^^^^^^^^^^^^^^^^^^^^^^^^^^^^^^^^^^^^^^^^^^^^^^^^^^^^^^^^^^^^^^^^^^^^^^^^^^^^^^^^^^^^^^^^^^^^^^^^^^^^^^^^^^^^^^^^^^^^^^^^
42 | …str(p.resolve())} for p in [pathlib.Path('/Volumes/devbox'),pathlib.Path('/Users/runner/workspaces')]]
43 | …
   |

E501 Line too long (185 > 88)
  --> docs/superpowers/evidence/task5-continuity-recovery-d6ba92d8/host-storage-inspect.py:42:89
   |
40 | …signin_home_exists':h.exists(),'database_exists':db.exists(),'qualification_directories':sorted(p.name for p in (r/'qualification').i…
41 | …'/Volumes/devbox'],capture_output=True,check=True).stdout);o['volume']={k:v.get(k) for k in ['DeviceIdentifier','VolumeUUID','APFSVol…
42 | …),'resolved':str(p.resolve())} for p in [pathlib.Path('/Volumes/devbox'),pathlib.Path('/Users/runner/workspaces')]]
   |                    ^^^^^^^^^^^^^^^^^^^^^^^^^^^^^^^^^^^^^^^^^^^^^^^^^^^^^^^^^^^^^^^^^^^^^^^^^^^^^^^^^^^^^^^^^^^^^^^^^
43 | …
44 | …er/workspaces')]:
   |

E501 Line too long (110 > 88)
  --> docs/superpowers/evidence/task5-continuity-recovery-d6ba92d8/host-storage-inspect.py:46:89
   |
44 | for base in [pathlib.Path('/Volumes/devbox'),pathlib.Path('/Users/runner/workspaces')]:
45 |  if not base.exists():continue
46 |  for directory,dirs,files in os.walk(base,followlinks=False,onerror=lambda e:errors.append(type(e).__name__)):
   |                                                                                         ^^^^^^^^^^^^^^^^^^^^^^
47 |   dirs[:]=[x for x in dirs if x not in ['node_modules','.git','Library','Caches','.next-cli-build','app','releases','python-tools','np…
48 |   walked+=len(files)
   |

E501 Line too long (144 > 88)
  --> docs/superpowers/evidence/task5-continuity-recovery-d6ba92d8/host-storage-inspect.py:47:89
   |
45 | …
46 | …nks=False,onerror=lambda e:errors.append(type(e).__name__)):
47 | …les','.git','Library','Caches','.next-cli-build','app','releases','python-tools','npm-cache']]
   |                                        ^^^^^^^^^^^^^^^^^^^^^^^^^^^^^^^^^^^^^^^^^^^^^^^^^^^^^^^^
48 | …
49 | …or 'baseline.json' in files:
   |

E501 Line too long (90 > 88)
  --> docs/superpowers/evidence/task5-continuity-recovery-d6ba92d8/host-storage-inspect.py:53:89
   |
51 |   if 'data.sqlite' in files and '/9router/' in directory:
52 |    p=pathlib.Path(directory)/'data.sqlite'
53 |    c=sqlite3.connect('file:'+str(p)+'?mode=ro',uri=True);c.execute('pragma query_only=on')
   |                                                                                         ^^
54 |    try: subjects.append({'database':str(p),'active_provider_counts':[{'provider':x[0],'authType':x[1],'count':x[2]} for x in c.execute…
55 |    except sqlite3.Error as e:subjects.append({'database':str(p),'error':type(e).__name__})
   |

E501 Line too long (374 > 88)
  --> docs/superpowers/evidence/task5-continuity-recovery-d6ba92d8/host-storage-inspect.py:54:89
   |
52 | …
53 | …ly=on')
54 | …0],'authType':x[1],'count':x[2]} for x in c.execute("select provider,authType,count(*) from providerConnections where isActive=1 and provider in ('codex','claude') group by provider,authType")],'active_api_key_count':c.execute('select count(*) from apiKeys where isActive=1').fetchone()[0]})
   |       ^^^^^^^^^^^^^^^^^^^^^^^^^^^^^^^^^^^^^^^^^^^^^^^^^^^^^^^^^^^^^^^^^^^^^^^^^^^^^^^^^^^^^^^^^^^^^^^^^^^^^^^^^^^^^^^^^^^^^^^^^^^^^^^^^^^^^^^^^^^^^^^^^^^^^^^^^^^^^^^^^^^^^^^^^^^^^^^^^^^^^^^^^^^^^^^^^^^^^^^^^^^^^^^^^^^^^^^^^^^^^^^^^^^^^^^^^^^^^^^^^^^^^^^^^^^^^^^^^^^^^^^^^^^^^^^^^^^^^^^^^^^^^^
55 | …ame__})
56 | …
   |

E501 Line too long (90 > 88)
  --> docs/superpowers/evidence/task5-continuity-recovery-d6ba92d8/host-storage-inspect.py:55:89
   |
53 |    c=sqlite3.connect('file:'+str(p)+'?mode=ro',uri=True);c.execute('pragma query_only=on')
54 |    try: subjects.append({'database':str(p),'active_provider_counts':[{'provider':x[0],'authType':x[1],'count':x[2]} for x in c.execute…
55 |    except sqlite3.Error as e:subjects.append({'database':str(p),'error':type(e).__name__})
   |                                                                                         ^^
56 |    finally:c.close()
57 | o['scoped_discovery']={'files_observed':walked,'errors':errors,'subjects':subjects,'excluded':['node_modules','.git','Library','Caches…
   |

E501 Line too long (147 > 88)
  --> docs/superpowers/evidence/task5-continuity-recovery-d6ba92d8/host-storage-inspect.py:58:89
   |
56 | …
57 | …ors':errors,'subjects':subjects,'excluded':['node_modules','.git','Library','Caches','.next-cli-build','app','releases','python-tools…
58 | …';o['retained_marker_sha256']=hashlib.sha256(m.read_bytes()).hexdigest() if m.exists() else None
   |                                       ^^^^^^^^^^^^^^^^^^^^^^^^^^^^^^^^^^^^^^^^^^^^^^^^^^^^^^^^^^^
59 | …
60 | …', 'python3', '-c', program))
   |

E501 Line too long (131 > 88)
  --> docs/superpowers/evidence/task5-continuity-recovery-d6ba92d8/host-storage-inspect.py:61:89
   |
59 | print(json.dumps(o))'''
60 |     observed = json.loads(command('exec', name, '--', 'python3', '-c', program))
61 |     q.new_json(evidence / 'storage.json', {'namespace': {'devbox_id': identity, 'instance_id': active['instance_id']}, **observed})
   |                                                                                         ^^^^^^^^^^^^^^^^^^^^^^^^^^^^^^^^^^^^^^^^^^^
62 |     return {'guest_result': 'unrun', 'scope': 'storage metadata and count-only credential presence', 'evidence': str(evidence)}
   |

E501 Line too long (127 > 88)
  --> docs/superpowers/evidence/task5-continuity-recovery-d6ba92d8/host-storage-inspect.py:62:89
   |
60 |     observed = json.loads(command('exec', name, '--', 'python3', '-c', program))
61 |     q.new_json(evidence / 'storage.json', {'namespace': {'devbox_id': identity, 'instance_id': active['instance_id']}, **observed})
62 |     return {'guest_result': 'unrun', 'scope': 'storage metadata and count-only credential presence', 'evidence': str(evidence)}
   |                                                                                         ^^^^^^^^^^^^^^^^^^^^^^^^^^^^^^^^^^^^^^^
63 |
64 | try:
   |

E501 Line too long (164 > 88)
  --> docs/superpowers/evidence/task5-continuity-recovery-d6ba92d8/host-storage-inspect.py:65:89
   |
64 | …
65 | …space-owner-' + identity + '.lock'), Path('/private/tmp') / ('namespace-owner-' + identity + '.lock')}):
   |                              ^^^^^^^^^^^^^^^^^^^^^^^^^^^^^^^^^^^^^^^^^^^^^^^^^^^^^^^^^^^^^^^^^^^^^^^^^^^^
66 | …L, 0o600)
67 | …
   |

E501 Line too long (149 > 88)
  --> docs/superpowers/evidence/task5-continuity-recovery-d6ba92d8/host-storage-inspect.py:69:89
   |
67 | …
68 | …B)
69 | …1309-45c3-a156-cf5623c06fda', 'pid': os.getpid(), 'scope': 'Task5 storage inspection'}).encode())
   |                                      ^^^^^^^^^^^^^^^^^^^^^^^^^^^^^^^^^^^^^^^^^^^^^^^^^^^^^^^^^^^^^
70 | …
71 | …ntity, work, metadata, lambda: None, stop=lambda exact: command('stop', exact, '--force'))
   |

E501 Line too long (142 > 88)
  --> docs/superpowers/evidence/task5-continuity-recovery-d6ba92d8/host-storage-inspect.py:71:89
   |
69 | …1a-1309-45c3-a156-cf5623c06fda', 'pid': os.getpid(), 'scope': 'Task5 storage inspection'}).encode())
70 | …
71 | …identity, work, metadata, lambda: None, stop=lambda exact: command('stop', exact, '--force'))
   |                                         ^^^^^^^^^^^^^^^^^^^^^^^^^^^^^^^^^^^^^^^^^^^^^^^^^^^^^^
72 | …
73 | …'result': result}))
   |

I001 [*] Import block is un-sorted or un-formatted
  --> scripts/mac/9router_test_credentials.py:7:1
   |
 5 |   with separate approval. An uncertain issuer run refuses reuse, not lock takeover.
 6 |   """
 7 | / from contextlib import contextmanager
 8 | | import fcntl
 9 | | import hashlib
10 | | import json
11 | | import os
12 | | from pathlib import Path
13 | | import re
14 | | import shutil
15 | | import sqlite3
16 | | import stat
17 | | import time
18 | | import uuid
   | |___________^
19 |
20 |   FILES = ("app.sqlite", "refresh.sqlite", "env.sh", "schema-manifest.json")
   |
help: Organize imports

E501 Line too long (117 > 88)
  --> scripts/mac/9router_test_credentials.py:21:89
   |
20 | FILES = ("app.sqlite", "refresh.sqlite", "env.sh", "schema-manifest.json")
21 | WORK = ("responses", "handlers", "upgrades", "cleanup", "persistence", "refresh", "background", "quota", "websocket")
   |                                                                                         ^^^^^^^^^^^^^^^^^^^^^^^^^^^^^
   |

E501 Line too long (113 > 88)
  --> scripts/mac/9router_test_credentials.py:34:89
   |
32 |     require(path.is_absolute() and path.resolve() == path and info.st_uid == os.getuid()
33 |             and stat.S_IMODE(info.st_mode) == (0o700 if directory else 0o600)
34 |             and (stat.S_ISDIR(info.st_mode) if directory else stat.S_ISREG(info.st_mode) and info.st_nlink == 1),
   |                                                                                         ^^^^^^^^^^^^^^^^^^^^^^^^^
35 |             "Private test checkpoint path refused")
36 |     for parent in path.parents:
   |

E501 Line too long (91 > 88)
  --> scripts/mac/9router_test_credentials.py:50:89
   |
49 | def save(path, value):
50 |     descriptor = os.open(path, os.O_WRONLY | os.O_CREAT | os.O_EXCL | os.O_NOFOLLOW, 0o600)
   |                                                                                         ^^^
51 |     with os.fdopen(descriptor, "w") as stream:
52 |         json.dump(value, stream, sort_keys=True)
   |

E501 Line too long (133 > 88)
  --> scripts/mac/9router_test_credentials.py:66:89
   |
65 | def environment(path):
66 |     allowed = {"DATA_DIR", "JWT_SECRET", "API_KEY_SECRET", "MACHINE_ID_SALT", "INITIAL_PASSWORD", "NODE_ENV", "REQUEST_DETAILS_MODE"}
   |                                                                                         ^^^^^^^^^^^^^^^^^^^^^^^^^^^^^^^^^^^^^^^^^^^^^
67 |     values = {}
68 |     for line in private(path).read_text().splitlines():
   |

E501 Line too long (110 > 88)
  --> scripts/mac/9router_test_credentials.py:70:89
   |
68 |     for line in private(path).read_text().splitlines():
69 |         match = re.fullmatch(r'export ([A-Z_]+)="([^"$`\r\n]*)"', line)
70 |         require(match and match[1] in allowed and match[1] not in values, "Test environment literals refused")
   |                                                                                         ^^^^^^^^^^^^^^^^^^^^^^
71 |         values[match[1]] = match[2]
72 |     require(set(values) == allowed and all(values[name] for name in allowed), "Test environment incomplete")
   |

E501 Line too long (108 > 88)
  --> scripts/mac/9router_test_credentials.py:72:89
   |
70 |         require(match and match[1] in allowed and match[1] not in values, "Test environment literals refused")
71 |         values[match[1]] = match[2]
72 |     require(set(values) == allowed and all(values[name] for name in allowed), "Test environment incomplete")
   |                                                                                         ^^^^^^^^^^^^^^^^^^^^
73 |     require(values["NODE_ENV"] == "production" and values["REQUEST_DETAILS_MODE"] == "disabled", "Test environment mode refused")
74 |     return values
   |

E501 Line too long (129 > 88)
  --> scripts/mac/9router_test_credentials.py:73:89
   |
71 |         values[match[1]] = match[2]
72 |     require(set(values) == allowed and all(values[name] for name in allowed), "Test environment incomplete")
73 |     require(values["NODE_ENV"] == "production" and values["REQUEST_DETAILS_MODE"] == "disabled", "Test environment mode refused")
   |                                                                                         ^^^^^^^^^^^^^^^^^^^^^^^^^^^^^^^^^^^^^^^^^
74 |     return values
   |

E501 Line too long (116 > 88)
  --> scripts/mac/9router_test_credentials.py:81:89
   |
79 |     private(folder, True)
80 |     manifest = json.loads(private(folder / "manifest.json").read_text())
81 |     require(manifest.get("schema") == 1 and manifest.get("kind") == "private-test-credential-seed-not-qualification"
   |                                                                                         ^^^^^^^^^^^^^^^^^^^^^^^^^^^^
82 |             and manifest.get("credential_origin") == "fresh-independently-authenticated-guest-only"
83 |             and set(manifest.get("files", {})) == set(FILES), "Checkpoint provenance refused")
   |

E501 Line too long (99 > 88)
  --> scripts/mac/9router_test_credentials.py:82:89
   |
80 |     manifest = json.loads(private(folder / "manifest.json").read_text())
81 |     require(manifest.get("schema") == 1 and manifest.get("kind") == "private-test-credential-seed-not-qualification"
82 |             and manifest.get("credential_origin") == "fresh-independently-authenticated-guest-only"
   |                                                                                         ^^^^^^^^^^^
83 |             and set(manifest.get("files", {})) == set(FILES), "Checkpoint provenance refused")
84 |     for name in FILES:
   |

E501 Line too long (94 > 88)
  --> scripts/mac/9router_test_credentials.py:83:89
   |
81 |     require(manifest.get("schema") == 1 and manifest.get("kind") == "private-test-credential-seed-not-qualification"
82 |             and manifest.get("credential_origin") == "fresh-independently-authenticated-guest-only"
83 |             and set(manifest.get("files", {})) == set(FILES), "Checkpoint provenance refused")
   |                                                                                         ^^^^^^
84 |     for name in FILES:
85 |         require(digest(folder / name) == manifest["files"][name], "Checkpoint digest differs")
   |

E501 Line too long (94 > 88)
  --> scripts/mac/9router_test_credentials.py:85:89
   |
83 |             and set(manifest.get("files", {})) == set(FILES), "Checkpoint provenance refused")
84 |     for name in FILES:
85 |         require(digest(folder / name) == manifest["files"][name], "Checkpoint digest differs")
   |                                                                                         ^^^^^^
86 |     schema = json.loads(private(folder / "schema-manifest.json").read_text())
87 |     require(schema.get("protocol") == 1 and schema.get("persistenceFingerprint")
   |

E501 Line too long (118 > 88)
  --> scripts/mac/9router_test_credentials.py:88:89
   |
86 |     schema = json.loads(private(folder / "schema-manifest.json").read_text())
87 |     require(schema.get("protocol") == 1 and schema.get("persistenceFingerprint")
88 |             and (fingerprint is None or schema["persistenceFingerprint"] == fingerprint), "Checkpoint schema differs")
   |                                                                                         ^^^^^^^^^^^^^^^^^^^^^^^^^^^^^^
89 |     environment(folder / "env.sh")
90 |     databases = []
   |

E501 Line too long (94 > 88)
  --> scripts/mac/9router_test_credentials.py:93:89
   |
91 |     try:
92 |         for name in FILES[:2]:
93 |             databases.append(sqlite3.connect((folder / name).as_uri() + "?mode=ro", uri=True))
   |                                                                                         ^^^^^^
94 |         app, refresh = databases
95 |         require(all(db.execute("PRAGMA integrity_check").fetchone()[0] == "ok" for db in databases), "Checkpoint SQLite integrity refu…
   |

E501 Line too long (139 > 88)
  --> scripts/mac/9router_test_credentials.py:95:89
   |
93 | …older / name).as_uri() + "?mode=ro", uri=True))
94 | …
95 | …y_check").fetchone()[0] == "ok" for db in databases), "Checkpoint SQLite integrity refused")
   |                                           ^^^^^^^^^^^^^^^^^^^^^^^^^^^^^^^^^^^^^^^^^^^^^^^^^^^
96 | …
97 | … "tbl_name", "sql"), row)) for row in app.execute("SELECT type,name,tbl_name,sql FROM sqlite_schema WHERE name NOT LIKE 'sqlite_%' OR…
   |

E501 Line too long (199 > 88)
  --> scripts/mac/9router_test_credentials.py:97:89
   |
95 | … for db in databases), "Checkpoint SQLite integrity refused")
96 | …
97 | …row in app.execute("SELECT type,name,tbl_name,sql FROM sqlite_schema WHERE name NOT LIKE 'sqlite_%' ORDER BY type,name")]
   |            ^^^^^^^^^^^^^^^^^^^^^^^^^^^^^^^^^^^^^^^^^^^^^^^^^^^^^^^^^^^^^^^^^^^^^^^^^^^^^^^^^^^^^^^^^^^^^^^^^^^^^^^^^^^^^^^
98 | …
99 | …ql"] else None
   |

E501 Line too long (92 > 88)
   --> scripts/mac/9router_test_credentials.py:99:89
    |
 97 | …         layout = [dict(zip(("type", "name", "tbl_name", "sql"), row)) for row in app.execute("SELECT type,name,tbl_name,sql FROM sq…
 98 | …         for row in layout:
 99 | …             row["sql"] = re.sub(r"\s+", " ", row["sql"]).strip() if row["sql"] else None
    |                                                                                       ^^^^
100 | …         require(layout == schema["layout"], "Checkpoint SQLite layout differs")
101 | …     rows = app.execute("SELECT id,provider,authType,isActive,data FROM providerConnections ORDER BY provider").fetchall()
    |

E501 Line too long (125 > 88)
   --> scripts/mac/9router_test_credentials.py:101:89
    |
 99 | …             row["sql"] = re.sub(r"\s+", " ", row["sql"]).strip() if row["sql"] else None
100 | …         require(layout == schema["layout"], "Checkpoint SQLite layout differs")
101 | …     rows = app.execute("SELECT id,provider,authType,isActive,data FROM providerConnections ORDER BY provider").fetchall()
    |                                                                                       ^^^^^^^^^^^^^^^^^^^^^^^^^^^^^^^^^^^^^
102 | …     require(len(rows) == 2 and [(row[1], row[2], row[3]) for row in rows] == [("claude", "oauth", 1), ("codex", "oauth", 1)], "Chec…
103 | …     sequence = refresh.execute("SELECT value FROM refresh_sequence WHERE id=1").fetchone()[0]
    |

E501 Line too long (179 > 88)
   --> scripts/mac/9router_test_credentials.py:102:89
    |
100 | …ayout differs")
101 | …a FROM providerConnections ORDER BY provider").fetchall()
102 | … in rows] == [("claude", "oauth", 1), ("codex", "oauth", 1)], "Checkpoint must contain two test accounts only")
    |                      ^^^^^^^^^^^^^^^^^^^^^^^^^^^^^^^^^^^^^^^^^^^^^^^^^^^^^^^^^^^^^^^^^^^^^^^^^^^^^^^^^^^^^^^^^^^
103 | …ce WHERE id=1").fetchone()[0]
104 | … == manifest.get("refresh_sequence"), "Checkpoint generation refused")
    |

E501 Line too long (97 > 88)
   --> scripts/mac/9router_test_credentials.py:103:89
    |
101 | …     rows = app.execute("SELECT id,provider,authType,isActive,data FROM providerConnections ORDER BY provider").fetchall()
102 | …     require(len(rows) == 2 and [(row[1], row[2], row[3]) for row in rows] == [("claude", "oauth", 1), ("codex", "oauth", 1)], "Chec…
103 | …     sequence = refresh.execute("SELECT value FROM refresh_sequence WHERE id=1").fetchone()[0]
    |                                                                                       ^^^^^^^^^
104 | …     require(type(sequence) is int and sequence >= 0 and sequence == manifest.get("refresh_sequence"), "Checkpoint generation refuse…
105 | …     require(refresh.execute("SELECT protocol FROM refresh_meta WHERE id=1").fetchone()[0] == 1, "Refresh protocol refused")
    |

E501 Line too long (138 > 88)
   --> scripts/mac/9router_test_credentials.py:104:89
    |
102 | …w[2], row[3]) for row in rows] == [("claude", "oauth", 1), ("codex", "oauth", 1)], "Checkpoint must contain two test accounts only")
103 | …e FROM refresh_sequence WHERE id=1").fetchone()[0]
104 | …nce >= 0 and sequence == manifest.get("refresh_sequence"), "Checkpoint generation refused")
    |                                           ^^^^^^^^^^^^^^^^^^^^^^^^^^^^^^^^^^^^^^^^^^^^^^^^^^
105 | …l FROM refresh_meta WHERE id=1").fetchone()[0] == 1, "Refresh protocol refused")
106 | …tate,count(*) FROM refresh_flights GROUP BY state"))
    |

E501 Line too long (127 > 88)
   --> scripts/mac/9router_test_credentials.py:105:89
    |
103 | …     sequence = refresh.execute("SELECT value FROM refresh_sequence WHERE id=1").fetchone()[0]
104 | …     require(type(sequence) is int and sequence >= 0 and sequence == manifest.get("refresh_sequence"), "Checkpoint generation refuse…
105 | …     require(refresh.execute("SELECT protocol FROM refresh_meta WHERE id=1").fetchone()[0] == 1, "Refresh protocol refused")
    |                                                                                       ^^^^^^^^^^^^^^^^^^^^^^^^^^^^^^^^^^^^^^^
106 | …     states = dict(refresh.execute("SELECT state,count(*) FROM refresh_flights GROUP BY state"))
107 | …     require(set(states) <= {"done"}, "Uncertain or pending issuer state refuses reuse")
    |

E501 Line too long (99 > 88)
   --> scripts/mac/9router_test_credentials.py:106:89
    |
104 | …     require(type(sequence) is int and sequence >= 0 and sequence == manifest.get("refresh_sequence"), "Checkpoint generation refuse…
105 | …     require(refresh.execute("SELECT protocol FROM refresh_meta WHERE id=1").fetchone()[0] == 1, "Refresh protocol refused")
106 | …     states = dict(refresh.execute("SELECT state,count(*) FROM refresh_flights GROUP BY state"))
    |                                                                                       ^^^^^^^^^^^
107 | …     require(set(states) <= {"done"}, "Uncertain or pending issuer state refuses reuse")
108 | …     accounts = {}
    |

E501 Line too long (91 > 88)
   --> scripts/mac/9router_test_credentials.py:107:89
    |
105 |         require(refresh.execute("SELECT protocol FROM refresh_meta WHERE id=1").fetchone()[0] == 1, "Refresh protocol refused")
106 |         states = dict(refresh.execute("SELECT state,count(*) FROM refresh_flights GROUP BY state"))
107 |         require(set(states) <= {"done"}, "Uncertain or pending issuer state refuses reuse")
    |                                                                                         ^^^
108 |         accounts = {}
109 |         for account, provider, _auth, _active, raw in rows:
    |

E501 Line too long (112 > 88)
   --> scripts/mac/9router_test_credentials.py:112:89
    |
110 | …     data = json.loads(raw)
111 | …     generations = data.get("refreshGenerations", {})
112 | …     require(isinstance(data, dict) and "refreshGeneration" not in data and isinstance(generations, dict)
    |                                                                                   ^^^^^^^^^^^^^^^^^^^^^^^^
113 | …             and set(generations) <= {"oauth", "copilot"}
114 | …             and all(type(value) is int and 0 < value <= sequence for value in generations.values()), "Account CAS generation differ…
    |

E501 Line too long (142 > 88)
   --> scripts/mac/9router_test_credentials.py:114:89
    |
112 | …efreshGeneration" not in data and isinstance(generations, dict)
113 | …th", "copilot"}
114 | …d 0 < value <= sequence for value in generations.values()), "Account CAS generation differs")
    |                                         ^^^^^^^^^^^^^^^^^^^^^^^^^^^^^^^^^^^^^^^^^^^^^^^^^^^^^^
115 | …ations
116 | …cute("SELECT state,result,generation FROM refresh_flights"):
    |

E501 Line too long (109 > 88)
   --> scripts/mac/9router_test_credentials.py:116:89
    |
114 | …                 and all(type(value) is int and 0 < value <= sequence for value in generations.values()), "Account CAS generation di…
115 | …         accounts[(account, provider)] = generations
116 | …     for state, raw, generation in refresh.execute("SELECT state,result,generation FROM refresh_flights"):
    |                                                                                       ^^^^^^^^^^^^^^^^^^^^^
117 | …         value = json.loads(raw)
118 | …         require(state == "done" and type(generation) is int and 0 < generation <= sequence and isinstance(value, dict)
    |

E501 Line too long (122 > 88)
   --> scripts/mac/9router_test_credentials.py:118:89
    |
116 |         for state, raw, generation in refresh.execute("SELECT state,result,generation FROM refresh_flights"):
117 |             value = json.loads(raw)
118 |             require(state == "done" and type(generation) is int and 0 < generation <= sequence and isinstance(value, dict)
    |                                                                                         ^^^^^^^^^^^^^^^^^^^^^^^^^^^^^^^^^^
119 |                     and len(value.get("refreshGenerations", {})) == 1
120 |                     and next(iter(value["refreshGenerations"].values())) == generation
    |

E501 Line too long (171 > 88)
   --> scripts/mac/9router_test_credentials.py:121:89
    |
119 | … == 1
120 | …lues())) == generation
121 | …value[key] for key in ("accessToken", "apiKey", "token", "copilotToken")), "Durable issuer result refused")
    |                          ^^^^^^^^^^^^^^^^^^^^^^^^^^^^^^^^^^^^^^^^^^^^^^^^^^^^^^^^^^^^^^^^^^^^^^^^^^^^^^^^^^^
122 | …sActive=1").fetchone()[0]
123 | …, keys) == keys, "Guest API key population differs")
    |

E501 Line too long (89 > 88)
   --> scripts/mac/9router_test_credentials.py:122:89
    |
120 | …                 and next(iter(value["refreshGenerations"].values())) == generation
121 | …                 and any(isinstance(value.get(key), str) and value[key] for key in ("accessToken", "apiKey", "token", "copilotToken"…
122 | …     keys = app.execute("SELECT count(*) FROM apiKeys WHERE isActive=1").fetchone()[0]
    |                                                                                       ^
123 | …     require(keys > 0 and manifest.get("active_api_key_count", keys) == keys, "Guest API key population differs")
124 | …     settings = json.loads(app.execute("SELECT data FROM settings WHERE id=1").fetchone()[0])
    |

E501 Line too long (116 > 88)
   --> scripts/mac/9router_test_credentials.py:123:89
    |
121 | …                 and any(isinstance(value.get(key), str) and value[key] for key in ("accessToken", "apiKey", "token", "copilotToken"…
122 | …     keys = app.execute("SELECT count(*) FROM apiKeys WHERE isActive=1").fetchone()[0]
123 | …     require(keys > 0 and manifest.get("active_api_key_count", keys) == keys, "Guest API key population differs")
    |                                                                                       ^^^^^^^^^^^^^^^^^^^^^^^^^^^^
124 | …     settings = json.loads(app.execute("SELECT data FROM settings WHERE id=1").fetchone()[0])
125 | …     require(not any(settings.get(name) for name in ("tunnelEnabled", "tailscaleEnabled", "mitmEnabled")), "External guest integrati…
    |

E501 Line too long (96 > 88)
   --> scripts/mac/9router_test_credentials.py:124:89
    |
122 | …     keys = app.execute("SELECT count(*) FROM apiKeys WHERE isActive=1").fetchone()[0]
123 | …     require(keys > 0 and manifest.get("active_api_key_count", keys) == keys, "Guest API key population differs")
124 | …     settings = json.loads(app.execute("SELECT data FROM settings WHERE id=1").fetchone()[0])
    |                                                                                       ^^^^^^^^
125 | …     require(not any(settings.get(name) for name in ("tunnelEnabled", "tailscaleEnabled", "mitmEnabled")), "External guest integrati…
126 | …     require(manifest.get("provider_counts") == {"claude": 1, "codex": 1}, "Declared account population differs")
    |

E501 Line too long (147 > 88)
   --> scripts/mac/9router_test_credentials.py:125:89
    |
123 | …i_key_count", keys) == keys, "Guest API key population differs")
124 | …ta FROM settings WHERE id=1").fetchone()[0])
125 | …in ("tunnelEnabled", "tailscaleEnabled", "mitmEnabled")), "External guest integration refused")
    |                                      ^^^^^^^^^^^^^^^^^^^^^^^^^^^^^^^^^^^^^^^^^^^^^^^^^^^^^^^^^^^
126 | …"claude": 1, "codex": 1}, "Declared account population differs")
127 | …
    |

E501 Line too long (116 > 88)
   --> scripts/mac/9router_test_credentials.py:126:89
    |
124 |         settings = json.loads(app.execute("SELECT data FROM settings WHERE id=1").fetchone()[0])
125 |         require(not any(settings.get(name) for name in ("tunnelEnabled", "tailscaleEnabled", "mitmEnabled")), "External guest integra…
126 |         require(manifest.get("provider_counts") == {"claude": 1, "codex": 1}, "Declared account population differs")
    |                                                                                         ^^^^^^^^^^^^^^^^^^^^^^^^^^^^
127 |         return manifest, accounts
128 |     except (sqlite3.Error, json.JSONDecodeError, KeyError, TypeError, IndexError):
    |

E501 Line too long (92 > 88)
   --> scripts/mac/9router_test_credentials.py:140:89
    |
138 |     root.mkdir(mode=0o700, exist_ok=True)
139 |     private(root, True)
140 |     descriptor = os.open(root / "owner.lock", os.O_RDWR | os.O_CREAT | os.O_NOFOLLOW, 0o600)
    |                                                                                         ^^^^
141 |     try:
142 |         private(root / "owner.lock")
    |

E501 Line too long (109 > 88)
   --> scripts/mac/9router_test_credentials.py:147:89
    |
145 |         except BlockingIOError:
146 |             raise ValueError("Another test credential owner is active") from None
147 |         require(not (root / "uncertain.json").exists(), "Uncertain credential state refuses next issuer run")
    |                                                                                         ^^^^^^^^^^^^^^^^^^^^^
148 |         yield root
149 |     finally:
    |

E501 Line too long (95 > 88)
   --> scripts/mac/9router_test_credentials.py:154:89
    |
153 | def current(root, fingerprint=None):
154 |     require(not (root / "uncertain.json").exists(), "Uncertain credential state refuses reuse")
    |                                                                                         ^^^^^^^
155 |     pointer = json.loads(private(root / "latest.json").read_text())
156 |     name = pointer.get("checkpoint", "")
    |

E501 Line too long (115 > 88)
   --> scripts/mac/9router_test_credentials.py:157:89
    |
155 |     pointer = json.loads(private(root / "latest.json").read_text())
156 |     name = pointer.get("checkpoint", "")
157 |     require(isinstance(name, str) and re.fullmatch(r"checkpoint-[a-f0-9]{32}", name), "Checkpoint locator refused")
    |                                                                                         ^^^^^^^^^^^^^^^^^^^^^^^^^^^
158 |     folder = root / name
159 |     require(digest(folder / "manifest.json") == pointer.get("manifest_sha256"), "Checkpoint pointer digest differs")
    |

E501 Line too long (116 > 88)
   --> scripts/mac/9router_test_credentials.py:159:89
    |
157 |     require(isinstance(name, str) and re.fullmatch(r"checkpoint-[a-f0-9]{32}", name), "Checkpoint locator refused")
158 |     folder = root / name
159 |     require(digest(folder / "manifest.json") == pointer.get("manifest_sha256"), "Checkpoint pointer digest differs")
    |                                                                                         ^^^^^^^^^^^^^^^^^^^^^^^^^^^^
160 |     validate(folder, fingerprint)
161 |     return folder
    |

E501 Line too long (127 > 88)
   --> scripts/mac/9router_test_credentials.py:165:89
    |
164 | def begin(root, binding):
165 |     save(root / "uncertain.json", {"run_id": binding["run_id"], "namespace": binding["namespace"], "phase": "issuer-run-open"})
    |                                                                                         ^^^^^^^^^^^^^^^^^^^^^^^^^^^^^^^^^^^^^^^
166 |     sync(root)
    |

E501 Line too long (105 > 88)
   --> scripts/mac/9router_test_credentials.py:172:89
    |
170 |     """Previous good pointer survives failures. Uncertainty clears only after fsync."""
171 |     manifest, accounts = validate(stage)
172 |     require((root / "uncertain.json").exists(), "Issuer uncertainty must precede checkpoint publication")
    |                                                                                         ^^^^^^^^^^^^^^^^^
173 |     require(digest(root / "latest.json") == expected_previous, "Checkpoint publisher baseline changed")
174 |     pointer = json.loads(private(root / "latest.json").read_text())
    |

E501 Line too long (103 > 88)
   --> scripts/mac/9router_test_credentials.py:173:89
    |
171 |     manifest, accounts = validate(stage)
172 |     require((root / "uncertain.json").exists(), "Issuer uncertainty must precede checkpoint publication")
173 |     require(digest(root / "latest.json") == expected_previous, "Checkpoint publisher baseline changed")
    |                                                                                         ^^^^^^^^^^^^^^^
174 |     pointer = json.loads(private(root / "latest.json").read_text())
175 |     old, old_accounts = validate(root / pointer["checkpoint"])
    |

E501 Line too long (198 > 88)
   --> scripts/mac/9router_test_credentials.py:176:89
    |
174 | …
175 | …
176 | …ue) as fresh, sqlite3.connect((root / pointer["checkpoint"] / "app.sqlite").as_uri() + "?mode=ro", uri=True) as previous:
    |             ^^^^^^^^^^^^^^^^^^^^^^^^^^^^^^^^^^^^^^^^^^^^^^^^^^^^^^^^^^^^^^^^^^^^^^^^^^^^^^^^^^^^^^^^^^^^^^^^^^^^^^^^^^^^^^
177 | …R BY id").fetchall()
178 | …Y id").fetchall()
    |

E501 Line too long (97 > 88)
   --> scripts/mac/9router_test_credentials.py:177:89
    |
175 |     old, old_accounts = validate(root / pointer["checkpoint"])
176 |     with sqlite3.connect((stage / "app.sqlite").as_uri() + "?mode=ro", uri=True) as fresh, sqlite3.connect((root / pointer["checkpoin…
177 |         old_keys = previous.execute("SELECT id,key,isActive FROM apiKeys ORDER BY id").fetchall()
    |                                                                                         ^^^^^^^^^
178 |         new_keys = fresh.execute("SELECT id,key,isActive FROM apiKeys ORDER BY id").fetchall()
179 |         require(new_keys == old_keys, "Approved guest API key changed during qualification")
    |

E501 Line too long (94 > 88)
   --> scripts/mac/9router_test_credentials.py:178:89
    |
176 |     with sqlite3.connect((stage / "app.sqlite").as_uri() + "?mode=ro", uri=True) as fresh, sqlite3.connect((root / pointer["checkpoin…
177 |         old_keys = previous.execute("SELECT id,key,isActive FROM apiKeys ORDER BY id").fetchall()
178 |         new_keys = fresh.execute("SELECT id,key,isActive FROM apiKeys ORDER BY id").fetchall()
    |                                                                                         ^^^^^^
179 |         require(new_keys == old_keys, "Approved guest API key changed during qualification")
180 |     require(set(accounts) == set(old_accounts) and manifest["refresh_sequence"] >= old["refresh_sequence"]
    |

E501 Line too long (92 > 88)
   --> scripts/mac/9router_test_credentials.py:179:89
    |
177 |         old_keys = previous.execute("SELECT id,key,isActive FROM apiKeys ORDER BY id").fetchall()
178 |         new_keys = fresh.execute("SELECT id,key,isActive FROM apiKeys ORDER BY id").fetchall()
179 |         require(new_keys == old_keys, "Approved guest API key changed during qualification")
    |                                                                                         ^^^^
180 |     require(set(accounts) == set(old_accounts) and manifest["refresh_sequence"] >= old["refresh_sequence"]
181 |             and all(accounts[key].get(family, 0) >= generation for key, generations in old_accounts.items() for family, generation in…
    |

E501 Line too long (106 > 88)
   --> scripts/mac/9router_test_credentials.py:180:89
    |
178 |         new_keys = fresh.execute("SELECT id,key,isActive FROM apiKeys ORDER BY id").fetchall()
179 |         require(new_keys == old_keys, "Approved guest API key changed during qualification")
180 |     require(set(accounts) == set(old_accounts) and manifest["refresh_sequence"] >= old["refresh_sequence"]
    |                                                                                         ^^^^^^^^^^^^^^^^^^
181 |             and all(accounts[key].get(family, 0) >= generation for key, generations in old_accounts.items() for family, generation in…
182 |     require(stage.parent == root, "Checkpoint stage must be privately confined")
    |

E501 Line too long (197 > 88)
   --> scripts/mac/9router_test_credentials.py:181:89
    |
179 | …qualification")
180 | …"] >= old["refresh_sequence"]
181 | …ations in old_accounts.items() for family, generation in generations.items()), "Stale token/account checkpoint refused")
    |             ^^^^^^^^^^^^^^^^^^^^^^^^^^^^^^^^^^^^^^^^^^^^^^^^^^^^^^^^^^^^^^^^^^^^^^^^^^^^^^^^^^^^^^^^^^^^^^^^^^^^^^^^^^^^^
182 | …d")
183 | …
    |

E501 Line too long (194 > 88)
   --> scripts/mac/9router_test_credentials.py:187:89
    |
185 | …
186 | …
187 | …est(destination / "manifest.json"), "state": "coherent-closed-issuer-checkpoint", "source_run_id": manifest["run_id"]})
    |               ^^^^^^^^^^^^^^^^^^^^^^^^^^^^^^^^^^^^^^^^^^^^^^^^^^^^^^^^^^^^^^^^^^^^^^^^^^^^^^^^^^^^^^^^^^^^^^^^^^^^^^^^^^
188 | …
189 | …
    |

E501 Line too long (167 > 88)
   --> scripts/mac/9router_test_credentials.py:192:89
    |
190 | …
191 | …
192 | …ctive_api_key_count": manifest["active_api_key_count"], "refresh_sequence": manifest["refresh_sequence"]}
    |                            ^^^^^^^^^^^^^^^^^^^^^^^^^^^^^^^^^^^^^^^^^^^^^^^^^^^^^^^^^^^^^^^^^^^^^^^^^^^^^^^
    |

E501 Line too long (132 > 88)
   --> scripts/mac/9router_test_credentials.py:198:89
    |
196 |     validate(seed, fingerprint)
197 |     private(home, True)
198 |     require(not any(character in str(home) for character in '$`"\r\n'), "Guest restore home contains unsafe environment characters")
    |                                                                                         ^^^^^^^^^^^^^^^^^^^^^^^^^^^^^^^^^^^^^^^^^^^^
199 |     state = private(home / ".9router", True)
200 |     targets = (state / "db/data.sqlite", state / "hotswap/refresh.sqlite", state / "env.sh")
    |

E501 Line too long (92 > 88)
   --> scripts/mac/9router_test_credentials.py:200:89
    |
198 |     require(not any(character in str(home) for character in '$`"\r\n'), "Guest restore home contains unsafe environment characters")
199 |     state = private(home / ".9router", True)
200 |     targets = (state / "db/data.sqlite", state / "hotswap/refresh.sqlite", state / "env.sh")
    |                                                                                         ^^^^
201 |     require(all(not path.exists() and not path.is_symlink() for path in targets), "Restore must precede initialization and worker sta…
202 |     values = environment(seed / "env.sh")
    |

E501 Line too long (139 > 88)
   --> scripts/mac/9router_test_credentials.py:201:89
    |
199 | …
200 | … "hotswap/refresh.sqlite", state / "env.sh")
201 | …s_symlink() for path in targets), "Restore must precede initialization and worker startup")
    |                                          ^^^^^^^^^^^^^^^^^^^^^^^^^^^^^^^^^^^^^^^^^^^^^^^^^^^
202 | …
203 | …
    |

E501 Line too long (97 > 88)
   --> scripts/mac/9router_test_credentials.py:206:89
    |
204 |     for target, name in zip(targets, FILES[:3]):
205 |         private(target.parent, True)
206 |         descriptor = os.open(target, os.O_WRONLY | os.O_CREAT | os.O_EXCL | os.O_NOFOLLOW, 0o600)
    |                                                                                         ^^^^^^^^^
207 |         with os.fdopen(descriptor, "wb") as outgoing:
208 |             if name == "env.sh":
    |

E501 Line too long (110 > 88)
   --> scripts/mac/9router_test_credentials.py:209:89
    |
207 |         with os.fdopen(descriptor, "wb") as outgoing:
208 |             if name == "env.sh":
209 |                 outgoing.write("".join(f'export {key}="{value}"\n' for key, value in values.items()).encode())
    |                                                                                         ^^^^^^^^^^^^^^^^^^^^^^
210 |             else:
211 |                 with private(seed / name).open("rb") as incoming:
    |

E501 Line too long (104 > 88)
   --> scripts/mac/9router_test_credentials.py:231:89
    |
229 |         value = controller.worker_status("a", entry)
230 |         work = value.get("appWork")
231 |         require(value["connections"] == 0 and isinstance(work, dict) and work.get("initialized") is True
    |                                                                                         ^^^^^^^^^^^^^^^^
232 |                 and work.get("unknown") is False and work.get("draining") is True
233 |                 and all(type(work.get(key)) is int and work[key] == 0 for key in WORK), "Checkpoint quiescence unproven")
    |

E501 Line too long (121 > 88)
   --> scripts/mac/9router_test_credentials.py:233:89
    |
231 |         require(value["connections"] == 0 and isinstance(work, dict) and work.get("initialized") is True
232 |                 and work.get("unknown") is False and work.get("draining") is True
233 |                 and all(type(work.get(key)) is int and work[key] == 0 for key in WORK), "Checkpoint quiescence unproven")
    |                                                                                         ^^^^^^^^^^^^^^^^^^^^^^^^^^^^^^^^^
234 |     deadline = time.monotonic() + 60
235 |     while True:
    |

E501 Line too long (108 > 88)
   --> scripts/mac/9router_test_credentials.py:256:89
    |
254 |         quiet()
255 |         app, refresh = databases
256 |         providers = dict(app.execute("SELECT provider,count(*) FROM providerConnections GROUP BY provider"))
    |                                                                                         ^^^^^^^^^^^^^^^^^^^^
257 |         keys = app.execute("SELECT count(*) FROM apiKeys WHERE isActive=1").fetchone()[0]
258 |         sequence = refresh.execute("SELECT value FROM refresh_sequence WHERE id=1").fetchone()[0]
    |

E501 Line too long (89 > 88)
   --> scripts/mac/9router_test_credentials.py:257:89
    |
255 |         app, refresh = databases
256 |         providers = dict(app.execute("SELECT provider,count(*) FROM providerConnections GROUP BY provider"))
257 |         keys = app.execute("SELECT count(*) FROM apiKeys WHERE isActive=1").fetchone()[0]
    |                                                                                         ^
258 |         sequence = refresh.execute("SELECT value FROM refresh_sequence WHERE id=1").fetchone()[0]
259 |         require(providers == {"claude": 1, "codex": 1} and keys > 0, "Checkpoint account population refused")
    |

E501 Line too long (97 > 88)
   --> scripts/mac/9router_test_credentials.py:258:89
    |
256 | …     providers = dict(app.execute("SELECT provider,count(*) FROM providerConnections GROUP BY provider"))
257 | …     keys = app.execute("SELECT count(*) FROM apiKeys WHERE isActive=1").fetchone()[0]
258 | …     sequence = refresh.execute("SELECT value FROM refresh_sequence WHERE id=1").fetchone()[0]
    |                                                                                       ^^^^^^^^^
259 | …     require(providers == {"claude": 1, "codex": 1} and keys > 0, "Checkpoint account population refused")
260 | …     require(refresh.execute("SELECT count(*) FROM refresh_flights WHERE state!='done'").fetchone()[0] == 0, "Uncertain issuer state…
    |

E501 Line too long (109 > 88)
   --> scripts/mac/9router_test_credentials.py:259:89
    |
257 | …     keys = app.execute("SELECT count(*) FROM apiKeys WHERE isActive=1").fetchone()[0]
258 | …     sequence = refresh.execute("SELECT value FROM refresh_sequence WHERE id=1").fetchone()[0]
259 | …     require(providers == {"claude": 1, "codex": 1} and keys > 0, "Checkpoint account population refused")
    |                                                                                       ^^^^^^^^^^^^^^^^^^^^^
260 | …     require(refresh.execute("SELECT count(*) FROM refresh_flights WHERE state!='done'").fetchone()[0] == 0, "Uncertain issuer state…
261 | …     for name, path in zip(FILES[:2], paths):
    |

E501 Line too long (152 > 88)
   --> scripts/mac/9router_test_credentials.py:260:89
    |
258 | …refresh_sequence WHERE id=1").fetchone()[0]
259 | … and keys > 0, "Checkpoint account population refused")
260 | …refresh_flights WHERE state!='done'").fetchone()[0] == 0, "Uncertain issuer state refuses export")
    |                                    ^^^^^^^^^^^^^^^^^^^^^^^^^^^^^^^^^^^^^^^^^^^^^^^^^^^^^^^^^^^^^^^^
261 | …
262 | …ode=ro", uri=True)
    |

E501 Line too long (116 > 88)
   --> scripts/mac/9router_test_credentials.py:270:89
    |
268 |                 read.close()
269 |             (destination / name).chmod(0o600)
270 |         for name, path in (("env.sh", state / "env.sh"), ("schema-manifest.json", state / "hotswap/manifest.json")):
    |                                                                                         ^^^^^^^^^^^^^^^^^^^^^^^^^^^^
271 |             with private(path).open("rb") as incoming, (destination / name).open("xb") as outgoing:
272 |                 (destination / name).chmod(0o600)
    |

E501 Line too long (99 > 88)
   --> scripts/mac/9router_test_credentials.py:271:89
    |
269 |             (destination / name).chmod(0o600)
270 |         for name, path in (("env.sh", state / "env.sh"), ("schema-manifest.json", state / "hotswap/manifest.json")):
271 |             with private(path).open("rb") as incoming, (destination / name).open("xb") as outgoing:
    |                                                                                         ^^^^^^^^^^^
272 |                 (destination / name).chmod(0o600)
273 |                 shutil.copyfileobj(incoming, outgoing)
    |

E501 Line too long (448 > 88)
   --> scripts/mac/9router_test_credentials.py:274:89
    |
272 | …
273 | …
274 | …ation", "credential_origin": "fresh-independently-authenticated-guest-only", "run_id": binding["run_id"], "namespace": binding["namespace"], "sha256": binding["sha256"], "source_commit": binding["source_commit"], "provider_counts": providers, "active_api_key_count": keys, "refresh_sequence": sequence, "files": {name: digest(destination / name) for name in FILES}}
    |       ^^^^^^^^^^^^^^^^^^^^^^^^^^^^^^^^^^^^^^^^^^^^^^^^^^^^^^^^^^^^^^^^^^^^^^^^^^^^^^^^^^^^^^^^^^^^^^^^^^^^^^^^^^^^^^^^^^^^^^^^^^^^^^^^^^^^^^^^^^^^^^^^^^^^^^^^^^^^^^^^^^^^^^^^^^^^^^^^^^^^^^^^^^^^^^^^^^^^^^^^^^^^^^^^^^^^^^^^^^^^^^^^^^^^^^^^^^^^^^^^^^^^^^^^^^^^^^^^^^^^^^^^^^^^^^^^^^^^^^^^^^^^^^^^^^^^^^^^^^^^^^^^^^^^^^^^^^^^^^^^^^^^^^^^^^^^^^^^^^^^^^^^^^^^^^^^^^^^^^^^
275 | …
276 | …
    |

E501 Line too long (225 > 88)
   --> scripts/mac/9router_test_credentials.py:282:89
    |
280 | …
281 | …
282 | …ifest.json": digest(destination / "manifest.json")}, "provider_counts": providers, "active_api_key_count": keys, "refresh_sequence": sequence}
    |       ^^^^^^^^^^^^^^^^^^^^^^^^^^^^^^^^^^^^^^^^^^^^^^^^^^^^^^^^^^^^^^^^^^^^^^^^^^^^^^^^^^^^^^^^^^^^^^^^^^^^^^^^^^^^^^^^^^^^^^^^^^^^^^^^^^^^^^^^^
283 | …
284 | …
    |

E501 Line too long (109 > 88)
   --> scripts/mac/9router_vm_qualify.py:667:89
    |
665 |         "review-counterfactual",
666 |         ["node", "tests/unit/managed-review-counterfactual.check.mjs"],
667 |         "RED: baseline mirror fails all eight named review mechanisms while pending/uncertain safety passes",
    |                                                                                         ^^^^^^^^^^^^^^^^^^^^^
668 |         360,
669 |     ),
    |

E501 Line too long (91 > 88)
   --> scripts/mac/9router_vm_qualify.py:690:89
    |
688 |     """Bind a new destination inode; never chmod or accept a replaced download."""
689 |     require(digest(expected), "private download digest required")
690 |     descriptor = os.open(target, os.O_RDWR | os.O_CREAT | os.O_EXCL | os.O_NOFOLLOW, 0o600)
    |                                                                                         ^^^
691 |     try:
692 |         initial = os.fstat(descriptor)
    |

E501 Line too long (148 > 88)
   --> scripts/mac/9router_vm_qualify.py:694:89
    |
692 | …
693 | …outgoing:
694 | …, devbox_name, str(remote), "-"], env=env, stdout=outgoing, stderr=subprocess.PIPE, timeout=120)
    |                                      ^^^^^^^^^^^^^^^^^^^^^^^^^^^^^^^^^^^^^^^^^^^^^^^^^^^^^^^^^^^^
695 | …
696 | …
    |

E501 Line too long (100 > 88)
   --> scripts/mac/9router_vm_qualify.py:698:89
    |
696 |             os.fsync(outgoing.fileno())
697 |         held, live = os.fstat(descriptor), Path(target).lstat()
698 |         require(result.returncode == 0 and stat.S_ISREG(held.st_mode) and stat.S_ISREG(live.st_mode)
    |                                                                                         ^^^^^^^^^^^^
699 |                 and held.st_uid == live.st_uid == os.getuid() and held.st_nlink == live.st_nlink == 1
700 |                 and (initial.st_dev, initial.st_ino) == (held.st_dev, held.st_ino) == (live.st_dev, live.st_ino)
    |

E501 Line too long (101 > 88)
   --> scripts/mac/9router_vm_qualify.py:699:89
    |
697 |         held, live = os.fstat(descriptor), Path(target).lstat()
698 |         require(result.returncode == 0 and stat.S_ISREG(held.st_mode) and stat.S_ISREG(live.st_mode)
699 |                 and held.st_uid == live.st_uid == os.getuid() and held.st_nlink == live.st_nlink == 1
    |                                                                                         ^^^^^^^^^^^^^
700 |                 and (initial.st_dev, initial.st_ino) == (held.st_dev, held.st_ino) == (live.st_dev, live.st_ino)
701 |                 and held.st_size > 0, "private download owner or inode differs")
    |

E501 Line too long (112 > 88)
   --> scripts/mac/9router_vm_qualify.py:700:89
    |
698 |         require(result.returncode == 0 and stat.S_ISREG(held.st_mode) and stat.S_ISREG(live.st_mode)
699 |                 and held.st_uid == live.st_uid == os.getuid() and held.st_nlink == live.st_nlink == 1
700 |                 and (initial.st_dev, initial.st_ino) == (held.st_dev, held.st_ino) == (live.st_dev, live.st_ino)
    |                                                                                         ^^^^^^^^^^^^^^^^^^^^^^^^
701 |                 and held.st_size > 0, "private download owner or inode differs")
702 |         os.fchmod(descriptor, 0o600)
    |

E501 Line too long (99 > 88)
   --> scripts/mac/9router_vm_qualify.py:708:89
    |
706 |         require(actual == expected, "private download digest differs")
707 |         final = Path(target).lstat()
708 |         require(stat.S_ISREG(final.st_mode) and final.st_uid == os.getuid() and final.st_nlink == 1
    |                                                                                         ^^^^^^^^^^^
709 |                 and stat.S_IMODE(final.st_mode) == 0o600 and (final.st_dev, final.st_ino) == (held.st_dev, held.st_ino),
710 |                 "private download changed during verification")
    |

E501 Line too long (120 > 88)
   --> scripts/mac/9router_vm_qualify.py:709:89
    |
707 |         final = Path(target).lstat()
708 |         require(stat.S_ISREG(final.st_mode) and final.st_uid == os.getuid() and final.st_nlink == 1
709 |                 and stat.S_IMODE(final.st_mode) == 0o600 and (final.st_dev, final.st_ino) == (held.st_dev, held.st_ino),
    |                                                                                         ^^^^^^^^^^^^^^^^^^^^^^^^^^^^^^^^
710 |                 "private download changed during verification")
711 |         return Path(target)
    |

E501 Line too long (107 > 88)
   --> scripts/mac/9router_vm_qualify.py:752:89
    |
751 | def credential_module():
752 |     spec = importlib.util.spec_from_file_location("test_credentials", HERE / "9router_test_credentials.py")
    |                                                                                         ^^^^^^^^^^^^^^^^^^^
753 |     module = importlib.util.module_from_spec(spec)
754 |     spec.loader.exec_module(module)
    |

E501 Line too long (146 > 88)
    --> scripts/mac/9router_vm_qualify.py:1950:89
     |
1948 | …
1949 | …
1950 | …of", "-nP", "-iTCP:" + str(port), "-sTCP:LISTEN"], capture_output=True, text=True, timeout=10)
     |                                      ^^^^^^^^^^^^^^^^^^^^^^^^^^^^^^^^^^^^^^^^^^^^^^^^^^^^^^^^^^
1951 | … listener.stdout.strip() and not listener.stderr.strip(), "sign-in port has occupied listener or unknown owner")
1952 | …
     |

E501 Line too long (164 > 88)
    --> scripts/mac/9router_vm_qualify.py:1951:89
     |
1949 | …
1950 | …", "-iTCP:" + str(port), "-sTCP:LISTEN"], capture_output=True, text=True, timeout=10)
1951 | ….stdout.strip() and not listener.stderr.strip(), "sign-in port has occupied listener or unknown owner")
     |                             ^^^^^^^^^^^^^^^^^^^^^^^^^^^^^^^^^^^^^^^^^^^^^^^^^^^^^^^^^^^^^^^^^^^^^^^^^^^^
1952 | …
1953 | …r")
     |

E501 Line too long (110 > 88)
    --> scripts/mac/9router_vm_qualify.py:1959:89
     |
1957 |     for port in (20128, 21128, 21130):
1958 |         wait_signin_port(port, 120)
1959 |     scope_path, scope, manifest = prepare_scope(tgz, binding, run_id=safe_run_id(binding["run_id"] + "-live"))
     |                                                                                         ^^^^^^^^^^^^^^^^^^^^^^
1960 |     home = Path(scope["home"])
1961 |     credentials = credential_module()
     |

E501 Line too long (96 > 88)
    --> scripts/mac/9router_vm_qualify.py:1962:89
     |
1960 |     home = Path(scope["home"])
1961 |     credentials = credential_module()
1962 |     credentials.restore(run_root / "credential-input", home, manifest["persistenceFingerprint"])
     |                                                                                         ^^^^^^^^
1963 |     new_json(run_root / "credential-scope.json", {"scope": str(scope_path), "home": str(home)})
1964 |     controller_call(scope_path, "enroll", "--acknowledge-maintenance", "--release", scope["packages"][binding["sha256"]]["release"],…
     |

E501 Line too long (95 > 88)
    --> scripts/mac/9router_vm_qualify.py:1963:89
     |
1961 |     credentials = credential_module()
1962 |     credentials.restore(run_root / "credential-input", home, manifest["persistenceFingerprint"])
1963 |     new_json(run_root / "credential-scope.json", {"scope": str(scope_path), "home": str(home)})
     |                                                                                         ^^^^^^^
1964 |     controller_call(scope_path, "enroll", "--acknowledge-maintenance", "--release", scope["packages"][binding["sha256"]]["release"],…
1965 |     new_json(run_root / "evidence/signin-provenance.json", {"run_id": binding["run_id"], "namespace": binding["namespace"], "credent…
     |

E501 Line too long (163 > 88)
    --> scripts/mac/9router_vm_qualify.py:1964:89
     |
1962 | … manifest["persistenceFingerprint"])
1963 | …tr(scope_path), "home": str(home)})
1964 | …ntenance", "--release", scope["packages"][binding["sha256"]]["release"], "--digest", binding["sha256"])
     |                              ^^^^^^^^^^^^^^^^^^^^^^^^^^^^^^^^^^^^^^^^^^^^^^^^^^^^^^^^^^^^^^^^^^^^^^^^^^^
1965 | …"run_id": binding["run_id"], "namespace": binding["namespace"], "credential_origin": "private-independent-test-checkpoint", "snapsh…
1966 | …
     |

E501 Line too long (225 > 88)
    --> scripts/mac/9router_vm_qualify.py:1965:89
     |
1963 | … str(home)})
1964 | … scope["packages"][binding["sha256"]]["release"], "--digest", binding["sha256"])
1965 | …id"], "namespace": binding["namespace"], "credential_origin": "private-independent-test-checkpoint", "snapshot_persistence_qualified": False})
     |       ^^^^^^^^^^^^^^^^^^^^^^^^^^^^^^^^^^^^^^^^^^^^^^^^^^^^^^^^^^^^^^^^^^^^^^^^^^^^^^^^^^^^^^^^^^^^^^^^^^^^^^^^^^^^^^^^^^^^^^^^^^^^^^^^^^^^^^^^^
1966 | …
     |

E501 Line too long (92 > 88)
    --> scripts/mac/9router_vm_qualify.py:1977:89
     |
1975 |     )
1976 |     home = Path(scope["home"])
1977 |     require(not (home / ".9router/db/data.sqlite").exists(), "fresh sign-in state required")
     |                                                                                         ^^^^
1978 |     initialize_baseline(scope, manifest)
1979 |     previous_home = os.environ.get("HOME")
     |

E501 Line too long (113 > 88)
    --> scripts/mac/9router_vm_qualify.py:1991:89
     |
1989 |             entry = {
1990 |                 "release": package["release"],
1991 |                 "version": json.loads(regular(Path(package["release"]) / "package.json").read_text())["version"],
     |                                                                                         ^^^^^^^^^^^^^^^^^^^^^^^^^
1992 |                 "digest": binding["sha256"],
1993 |                 "mode": "starting",
     |

E501 Line too long (99 > 88)
    --> scripts/mac/9router_vm_qualify.py:1998:89
     |
1996 |                 "schema": 1, "active": "a", "slots": {"a": entry, "b": None},
1997 |                 "pending": None, "enrollment": "preparing",
1998 |                 "environment_sha256": controller.sha256(controller.STATE_DIR / "environment.json"),
     |                                                                                         ^^^^^^^^^^^
1999 |             }
2000 |             controller.write_state(state)
     |

E501 Line too long (89 > 88)
    --> scripts/mac/9router_vm_qualify.py:2004:89
     |
2002 |             controller.stop_enrollment_legacy_service(state)
2003 |             controller.start_worker("a", entry)
2004 |             status = controller.worker_status("a", controller.read_state()["slots"]["a"])
     |                                                                                         ^
2005 |             require(status["mode"] == "ready", "pinned sign-in worker not ready")
2006 |     finally:
     |

E501 Line too long (99 > 88)
    --> scripts/mac/9router_vm_qualify.py:2025:89
     |
2023 |     confirmation = private_json(confirmation_path)
2024 |     validate_signin_confirmation(confirmation, binding)
2025 |     with sqlite3.connect((home / ".9router/db/data.sqlite").as_uri() + "?mode=ro", uri=True) as db:
     |                                                                                         ^^^^^^^^^^^
2026 |         providers = dict(db.execute("SELECT provider,COUNT(*) FROM providerConnections WHERE isActive=1 AND authType='oauth' AND pro…
2027 |         keys = db.execute("SELECT COUNT(*) FROM apiKeys WHERE isActive=1").fetchone()[0]
     |

E501 Line too long (180 > 88)
    --> scripts/mac/9router_vm_qualify.py:2026:89
     |
2024 | …
2025 | …+ "?mode=ro", uri=True) as db:
2026 | …oviderConnections WHERE isActive=1 AND authType='oauth' AND provider IN ('codex','claude') GROUP BY provider"))
     |                     ^^^^^^^^^^^^^^^^^^^^^^^^^^^^^^^^^^^^^^^^^^^^^^^^^^^^^^^^^^^^^^^^^^^^^^^^^^^^^^^^^^^^^^^^^^^^
2027 | …e=1").fetchone()[0]
2028 | …ude")) and keys > 0, "independent guest provider/key population missing")
     |

E501 Line too long (142 > 88)
    --> scripts/mac/9router_vm_qualify.py:2028:89
     |
2026 | …er,COUNT(*) FROM providerConnections WHERE isActive=1 AND authType='oauth' AND provider IN ('codex','claude') GROUP BY provider"))
2027 | …iKeys WHERE isActive=1").fetchone()[0]
2028 | …e in ("codex", "claude")) and keys > 0, "independent guest provider/key population missing")
     |                                        ^^^^^^^^^^^^^^^^^^^^^^^^^^^^^^^^^^^^^^^^^^^^^^^^^^^^^^
2029 | …
2030 | …state.json")
     |

E501 Line too long (122 > 88)
    --> scripts/mac/9router_vm_qualify.py:2031:89
     |
2029 |     controller_call(scope_path, "reconcile")
2030 |     state = private_json(home / ".9router/hotswap/state.json")
2031 |     require(state.get("enrollment") == "complete" and state.get("pending") is None, "authenticated enrollment incomplete")
     |                                                                                         ^^^^^^^^^^^^^^^^^^^^^^^^^^^^^^^^^^
2032 |     new_json(run_root / "evidence/signin-provenance.json", {
2033 |         **confirmation, "credential_origin": "guest-owned-current-run",
     |

E501 Line too long (91 > 88)
    --> scripts/mac/9router_vm_qualify.py:2045:89
     |
2043 |         return checkpoint_baseline(Path(args.tgz), binding, run_root)
2044 |     if getattr(args, "interactive_signin", False):
2045 |         return interactive_baseline(Path(args.tgz), binding, run_root, args.signin_timeout)
     |                                                                                         ^^^
2046 |     require(BASELINE.is_file() and not BASELINE.is_symlink(), "BLOCKED: existing guest-owned persistent baseline is absent; manual p…
2047 |     baseline = private_json(BASELINE)
     |

E501 Line too long (176 > 88)
    --> scripts/mac/9router_vm_qualify.py:2046:89
     |
2044 | …
2045 | …ot, args.signin_timeout)
2046 | …KED: existing guest-owned persistent baseline is absent; manual provider login needs separate authorization")
     |                       ^^^^^^^^^^^^^^^^^^^^^^^^^^^^^^^^^^^^^^^^^^^^^^^^^^^^^^^^^^^^^^^^^^^^^^^^^^^^^^^^^^^^^^^^
2047 | …
2048 | …baseline.get("devbox_id") == binding["namespace"]["devbox_id"], "guest live baseline provenance missing")
     |

E501 Line too long (172 > 88)
    --> scripts/mac/9router_vm_qualify.py:2048:89
     |
2046 | …OCKED: existing guest-owned persistent baseline is absent; manual provider login needs separate authorization")
2047 | …
2048 | …d baseline.get("devbox_id") == binding["namespace"]["devbox_id"], "guest live baseline provenance missing")
     |                         ^^^^^^^^^^^^^^^^^^^^^^^^^^^^^^^^^^^^^^^^^^^^^^^^^^^^^^^^^^^^^^^^^^^^^^^^^^^^^^^^^^^^
2049 | …d=safe_run_id(baseline["run_id"]))
2050 | …confinement differs")
     |

E501 Line too long (99 > 88)
    --> scripts/mac/9router_vm_qualify.py:2049:89
     |
2047 |     baseline = private_json(BASELINE)
2048 |     require(baseline.get("credential_origin") == "guest-owned" and baseline.get("devbox_id") == binding["namespace"]["devbox_id"], "…
2049 |     path, scope, _ = prepare_scope(Path(args.tgz), binding, run_id=safe_run_id(baseline["run_id"]))
     |                                                                                         ^^^^^^^^^^^
2050 |     require(str(path) == baseline["scope"], "guest live baseline confinement differs")
2051 |     controller_call(path, "restore")
     |

E501 Line too long (155 > 88)
    --> scripts/mac/9router_vm_qualify.py:2066:89
     |
2064 | …
2065 | …
2066 | …selected["scope"]), controller_module(), run_root / ("private-final-" + uuid.uuid4().hex), binding)
     |                                  ^^^^^^^^^^^^^^^^^^^^^^^^^^^^^^^^^^^^^^^^^^^^^^^^^^^^^^^^^^^^^^^^^^^
2067 | …
2068 | …
     |

E501 Line too long (172 > 88)
    --> scripts/mac/9router_vm_qualify.py:2600:89
     |
2598 | …
2599 | …
2600 | …etattr(args, "credential_checkpoint", None)), "choose independent sign-in or private checkpoint, not both")
     |                         ^^^^^^^^^^^^^^^^^^^^^^^^^^^^^^^^^^^^^^^^^^^^^^^^^^^^^^^^^^^^^^^^^^^^^^^^^^^^^^^^^^^^
2601 | …
2602 | …timeout > 0, "positive sign-in deadline required")
     |

E501 Line too long (115 > 88)
    --> scripts/mac/9router_vm_qualify.py:2602:89
     |
2600 |     require(not (getattr(args, "interactive_signin", False) and getattr(args, "credential_checkpoint", None)), "choose independent s…
2601 |     if getattr(args, "interactive_signin", False):
2602 |         require(type(args.signin_timeout) is int and args.signin_timeout > 0, "positive sign-in deadline required")
     |                                                                                         ^^^^^^^^^^^^^^^^^^^^^^^^^^^
2603 |         require(args.confirmation_file and not Path(args.confirmation_file).exists(), "new private sign-in confirmation path require…
     |

E501 Line too long (135 > 88)
    --> scripts/mac/9router_vm_qualify.py:2603:89
     |
2601 | …se):
2602 | …nt and args.signin_timeout > 0, "positive sign-in deadline required")
2603 | … Path(args.confirmation_file).exists(), "new private sign-in confirmation path required")
     |                                            ^^^^^^^^^^^^^^^^^^^^^^^^^^^^^^^^^^^^^^^^^^^^^^^
     |

E501 Line too long (95 > 88)
    --> scripts/mac/9router_vm_qualify.py:2645:89
     |
2643 |     exported_expected = {}
2644 |     forwards = []
2645 |     credentials = credential_module() if getattr(args, "credential_checkpoint", None) else None
     |                                                                                         ^^^^^^^
2646 |     credential_root = None
2647 |     credential_seed = None
     |

E501 Line too long (214 > 88)
    --> scripts/mac/9router_vm_qualify.py:2667:89
     |
2665 | …
2666 | …
2667 | …str(remote / "source/scripts/mac/9router_vm_qualify.py"), "credential-export", "--input", str(remote / "input.json"), timeout=180))
     |       ^^^^^^^^^^^^^^^^^^^^^^^^^^^^^^^^^^^^^^^^^^^^^^^^^^^^^^^^^^^^^^^^^^^^^^^^^^^^^^^^^^^^^^^^^^^^^^^^^^^^^^^^^^^^^^^^^^^^^^^^^^^^^^
2668 | …
2669 | …
     |

E501 Line too long (136 > 88)
    --> scripts/mac/9router_vm_qualify.py:2670:89
     |
2668 | …".stage-" + uuid.uuid4().hex)
2669 | …
2670 | …t(credentials.FILES) | {"manifest.json"}, "private checkpoint export population differs")
     |                                           ^^^^^^^^^^^^^^^^^^^^^^^^^^^^^^^^^^^^^^^^^^^^^^^^
2671 | …s"].items():
2672 | …args.devbox_name, Path(summary["export_dir"]) / name, private_stage / name, expected)
     |

E501 Line too long (132 > 88)
    --> scripts/mac/9router_vm_qualify.py:2672:89
     |
2670 | …     require(set(summary["files"]) == set(credentials.FILES) | {"manifest.json"}, "private checkpoint export population differs")
2671 | …     for name, expected in summary["files"].items():
2672 | …         download_private(cli, cli_env, args.devbox_name, Path(summary["export_dir"]) / name, private_stage / name, expected)
     |                                                                                   ^^^^^^^^^^^^^^^^^^^^^^^^^^^^^^^^^^^^^^^^^^^^
2673 | …     counts = credentials.publish(credential_root, private_stage, credential_previous)
2674 | …     new_json(evidence / "credential-checkpoint.json", {"saved": True, "run_id": run_id, "namespace": binding["namespace"], **count…
     |

E501 Line too long (93 > 88)
    --> scripts/mac/9router_vm_qualify.py:2673:89
     |
2671 | …         for name, expected in summary["files"].items():
2672 | …             download_private(cli, cli_env, args.devbox_name, Path(summary["export_dir"]) / name, private_stage / name, expected)
2673 | …         counts = credentials.publish(credential_root, private_stage, credential_previous)
     |                                                                                       ^^^^^
2674 | …         new_json(evidence / "credential-checkpoint.json", {"saved": True, "run_id": run_id, "namespace": binding["namespace"], **c…
2675 | …     except BaseException:
     |

E501 Line too long (141 > 88)
    --> scripts/mac/9router_vm_qualify.py:2674:89
     |
2672 | …gs.devbox_name, Path(summary["export_dir"]) / name, private_stage / name, expected)
2673 | …al_root, private_stage, credential_previous)
2674 | …point.json", {"saved": True, "run_id": run_id, "namespace": binding["namespace"], **counts})
     |                                         ^^^^^^^^^^^^^^^^^^^^^^^^^^^^^^^^^^^^^^^^^^^^^^^^^^^^^
2675 | …
2676 | …oint.json").exists():
     |

E501 Line too long (135 > 88)
    --> scripts/mac/9router_vm_qualify.py:2677:89
     |
2675 | …
2676 | …ckpoint.json").exists():
2677 | …l-checkpoint.json", {"saved": False, "uncertain_state_retained": True, "run_id": run_id})
     |                                            ^^^^^^^^^^^^^^^^^^^^^^^^^^^^^^^^^^^^^^^^^^^^^^^
2678 | …dential final export failed; reuse refused") from None
     |

E501 Line too long (100 > 88)
    --> scripts/mac/9router_vm_qualify.py:2678:89
     |
2676 |             if not (evidence / "credential-checkpoint.json").exists():
2677 |                 new_json(evidence / "credential-checkpoint.json", {"saved": False, "uncertain_state_retained": True, "run_id": run_i…
2678 |             raise ValueError("Private test credential final export failed; reuse refused") from None
     |                                                                                         ^^^^^^^^^^^^
2679 |
2680 |     def require_claim():
     |

E501 Line too long (212 > 88)
    --> scripts/mac/9router_vm_qualify.py:2737:89
     |
2735 | …
2736 | …
2737 | …", "import json,shutil; d=shutil.disk_usage('/Volumes/devbox'); print(json.dumps({'total_bytes':d.total,'free_bytes':d.free}))"))
     |       ^^^^^^^^^^^^^^^^^^^^^^^^^^^^^^^^^^^^^^^^^^^^^^^^^^^^^^^^^^^^^^^^^^^^^^^^^^^^^^^^^^^^^^^^^^^^^^^^^^^^^^^^^^^^^^^^^^^^^^^^^^^^
2738 | …"], **capacity})
2739 | …
     |

E501 Line too long (99 > 88)
    --> scripts/mac/9router_vm_qualify.py:2738:89
     |
2736 | …     bind_guest_runtime(binding, binaries)
2737 | …     capacity = json.loads(devbox("exec", args.devbox_name, "--", "python3", "-c", "import json,shutil; d=shutil.disk_usage('/Volum…
2738 | …     new_json(evidence / "guest-capacity.json", {"namespace": binding["namespace"], **capacity})
     |                                                                                       ^^^^^^^^^^^
2739 | …     new_json(stage / "input.json", binding)
2740 | …     require(
     |

E501 Line too long (111 > 88)
    --> scripts/mac/9router_vm_qualify.py:2781:89
     |
2779 |             credentials.begin(credential_root, binding)
2780 |             credential_armed = True
2781 |             devbox("exec", args.devbox_name, "--", "/bin/mkdir", "-m", "700", str(remote / "credential-input"))
     |                                                                                         ^^^^^^^^^^^^^^^^^^^^^^^
2782 |             for name in (*credentials.FILES, "manifest.json"):
2783 |                 devbox("upload", args.devbox_name, str(credential_seed / name), str(remote / "credential-input" / name))
     |

E501 Line too long (120 > 88)
    --> scripts/mac/9router_vm_qualify.py:2783:89
     |
2781 |             devbox("exec", args.devbox_name, "--", "/bin/mkdir", "-m", "700", str(remote / "credential-input"))
2782 |             for name in (*credentials.FILES, "manifest.json"):
2783 |                 devbox("upload", args.devbox_name, str(credential_seed / name), str(remote / "credential-input" / name))
     |                                                                                         ^^^^^^^^^^^^^^^^^^^^^^^^^^^^^^^^
2784 |                 devbox("exec", args.devbox_name, "--", "/bin/chmod", "600", str(remote / "credential-input" / name))
2785 |         guest_script = remote / "source/scripts/mac/9router_vm_qualify.py"
     |

E501 Line too long (116 > 88)
    --> scripts/mac/9router_vm_qualify.py:2784:89
     |
2782 |             for name in (*credentials.FILES, "manifest.json"):
2783 |                 devbox("upload", args.devbox_name, str(credential_seed / name), str(remote / "credential-input" / name))
2784 |                 devbox("exec", args.devbox_name, "--", "/bin/chmod", "600", str(remote / "credential-input" / name))
     |                                                                                         ^^^^^^^^^^^^^^^^^^^^^^^^^^^^
2785 |         guest_script = remote / "source/scripts/mac/9router_vm_qualify.py"
2786 |         detached = devbox(
     |

E501 Line too long (140 > 88)
    --> scripts/mac/9router_vm_qualify.py:2797:89
     |
2795 | …
2796 | …
2797 | …timeout", str(args.signin_timeout)] if getattr(args, "interactive_signin", False) else []),
     |                                         ^^^^^^^^^^^^^^^^^^^^^^^^^^^^^^^^^^^^^^^^^^^^^^^^^^^^
2798 | …entials else []),
2799 | …
     |

E501 Line too long (150 > 88)
    --> scripts/mac/9router_vm_qualify.py:2819:89
     |
2817 | …
2818 | …
2819 | … active["instance_id"] and observed.get("state") == "running", "sign-in guest instance changed")
     |                                    ^^^^^^^^^^^^^^^^^^^^^^^^^^^^^^^^^^^^^^^^^^^^^^^^^^^^^^^^^^^^^^
2820 | …rgs.devbox_name, "--", "/bin/test", "-s", str(remote / "signin-ready.json")], env=cli_env, capture_output=True, timeout=30)
2821 | …ign-in readiness observation failed")
     |

E501 Line too long (177 > 88)
    --> scripts/mac/9router_vm_qualify.py:2820:89
     |
2818 | …
2819 | …ance_id"] and observed.get("state") == "running", "sign-in guest instance changed")
2820 | …me, "--", "/bin/test", "-s", str(remote / "signin-ready.json")], env=cli_env, capture_output=True, timeout=30)
     |                       ^^^^^^^^^^^^^^^^^^^^^^^^^^^^^^^^^^^^^^^^^^^^^^^^^^^^^^^^^^^^^^^^^^^^^^^^^^^^^^^^^^^^^^^^^
2821 | …ess observation failed")
2822 | …
     |

E501 Line too long (91 > 88)
    --> scripts/mac/9router_vm_qualify.py:2821:89
     |
2819 | …     require(observed.get("instance_id") == active["instance_id"] and observed.get("state") == "running", "sign-in guest instance c…
2820 | …     ready = subprocess.run([cli, "exec", args.devbox_name, "--", "/bin/test", "-s", str(remote / "signin-ready.json")], env=cli_en…
2821 | …     require(ready.returncode in {0, 1}, "sign-in readiness observation failed")
     |                                                                               ^^^
2822 | …     if ready.returncode == 0:
2823 | …         break
     |

E501 Line too long (185 > 88)
    --> scripts/mac/9router_vm_qualify.py:2824:89
     |
2822 | …
2823 | …
2824 | …e, "--", "/bin/test", "-s", str(remote / "evidence/manifest.json")], env=cli_env, capture_output=True, timeout=30)
     |                   ^^^^^^^^^^^^^^^^^^^^^^^^^^^^^^^^^^^^^^^^^^^^^^^^^^^^^^^^^^^^^^^^^^^^^^^^^^^^^^^^^^^^^^^^^^^^^^^^^
2825 | …bservation failed")
2826 | …
     |

E501 Line too long (90 > 88)
    --> scripts/mac/9router_vm_qualify.py:2825:89
     |
2823 | …         break
2824 | …     finished = subprocess.run([cli, "exec", args.devbox_name, "--", "/bin/test", "-s", str(remote / "evidence/manifest.json")], en…
2825 | …     require(finished.returncode in {0, 1}, "guest outcome observation failed")
     |                                                                               ^^
2826 | …     if finished.returncode == 0:
2827 | …         break
     |

E501 Line too long (147 > 88)
    --> scripts/mac/9router_vm_qualify.py:2830:89
     |
2828 | …
2829 | …
2830 | …evbox_name, "--", "/usr/bin/shasum", "-a", "256", str(remote / "signin-ready.json")).split()[0]
     |                                      ^^^^^^^^^^^^^^^^^^^^^^^^^^^^^^^^^^^^^^^^^^^^^^^^^^^^^^^^^^^
2831 | …devbox_name, remote / "signin-ready.json", evidence / "signin-ready.json", ready_digest)
2832 | …ignin-ready.json")
     |

E501 Line too long (140 > 88)
    --> scripts/mac/9router_vm_qualify.py:2831:89
     |
2829 | …
2830 | …s.devbox_name, "--", "/usr/bin/shasum", "-a", "256", str(remote / "signin-ready.json")).split()[0]
2831 | …gs.devbox_name, remote / "signin-ready.json", evidence / "signin-ready.json", ready_digest)
     |                                         ^^^^^^^^^^^^^^^^^^^^^^^^^^^^^^^^^^^^^^^^^^^^^^^^^^^^
2832 | … "signin-ready.json")
2833 | …inding["namespace"] and handoff["run_id"] == run_id, "sign-in handoff differs")
     |

E501 Line too long (128 > 88)
    --> scripts/mac/9router_vm_qualify.py:2833:89
     |
2831 | …     download_private(cli, cli_env, args.devbox_name, remote / "signin-ready.json", evidence / "signin-ready.json", ready_digest)
2832 | …     handoff = private_json(evidence / "signin-ready.json")
2833 | …     require(handoff["namespace"] == binding["namespace"] and handoff["run_id"] == run_id, "sign-in handoff differs")
     |                                                                               ^^^^^^^^^^^^^^^^^^^^^^^^^^^^^^^^^^^^^^^^
2834 | …     for port in (32128, 1455):
2835 | …         reservation = socket.socket()
     |

E501 Line too long (168 > 88)
    --> scripts/mac/9router_vm_qualify.py:2841:89
     |
2839 | …
2840 | …")
2841 | …args.devbox_name, "--ports", "32128:21128,1455:1455"], env=cli_env, stdout=log, stderr=subprocess.STDOUT)
     |                           ^^^^^^^^^^^^^^^^^^^^^^^^^^^^^^^^^^^^^^^^^^^^^^^^^^^^^^^^^^^^^^^^^^^^^^^^^^^^^^^^
2842 | …
2843 | …
     |

E501 Line too long (171 > 88)
    --> scripts/mac/9router_vm_qualify.py:2846:89
     |
2844 | …
2845 | … forward exited")
2846 | … "-nP", "-a", "-p", str(child.pid), "-iTCP:32128", "-sTCP:LISTEN", "-Fpn"], capture_output=True, text=True)
     |                          ^^^^^^^^^^^^^^^^^^^^^^^^^^^^^^^^^^^^^^^^^^^^^^^^^^^^^^^^^^^^^^^^^^^^^^^^^^^^^^^^^^^
2847 | …t.splitlines() if line.startswith("n")]
2848 | …
     |

E501 Line too long (103 > 88)
    --> scripts/mac/9router_vm_qualify.py:2847:89
     |
2845 | …     require(child.poll() is None, "owned sign-in forward exited")
2846 | …     listener = subprocess.run(["/usr/sbin/lsof", "-nP", "-a", "-p", str(child.pid), "-iTCP:32128", "-sTCP:LISTEN", "-Fpn"], captur…
2847 | …     names = [line[1:] for line in listener.stdout.splitlines() if line.startswith("n")]
     |                                                                           ^^^^^^^^^^^^^^^
2848 | …     if names:
2849 | …         require(all(value == "127.0.0.1:32128" for value in names), "sign-in access is not loopback-only")
     |

E501 Line too long (122 > 88)
    --> scripts/mac/9router_vm_qualify.py:2849:89
     |
2847 |                     names = [line[1:] for line in listener.stdout.splitlines() if line.startswith("n")]
2848 |                     if names:
2849 |                         require(all(value == "127.0.0.1:32128" for value in names), "sign-in access is not loopback-only")
     |                                                                                         ^^^^^^^^^^^^^^^^^^^^^^^^^^^^^^^^^^
2850 |                         break
2851 |                     time.sleep(1)
     |

E501 Line too long (320 > 88)
    --> scripts/mac/9router_vm_qualify.py:2853:89
     |
2851 | …
2852 | …
2853 | …ttp://localhost:32128/login", "home": handoff["home"], "run_id": run_id, "namespace": binding["namespace"], "confirmation_file": args.confirmation_file, "forward_pid": child.pid, "deadline_epoch": handoff["deadline_epoch"]}), flush=True)
     |       ^^^^^^^^^^^^^^^^^^^^^^^^^^^^^^^^^^^^^^^^^^^^^^^^^^^^^^^^^^^^^^^^^^^^^^^^^^^^^^^^^^^^^^^^^^^^^^^^^^^^^^^^^^^^^^^^^^^^^^^^^^^^^^^^^^^^^^^^^^^^^^^^^^^^^^^^^^^^^^^^^^^^^^^^^^^^^^^^^^^^^^^^^^^^^^^^^^^^^^^^^^^^^^^^^^^^^^^^^^^^^^^^^^^^^^^^
2854 | …
2855 | …
     |

E501 Line too long (159 > 88)
    --> scripts/mac/9router_vm_qualify.py:2858:89
     |
2856 | …ime.monotonic() < until:
2857 | …
2858 | …ata(args.devbox_id).get("instance_id") == active["instance_id"], "sign-in owner or instance changed")
     |                                ^^^^^^^^^^^^^^^^^^^^^^^^^^^^^^^^^^^^^^^^^^^^^^^^^^^^^^^^^^^^^^^^^^^^^^^
2859 | …
2860 | …l sign-in deadline expired")
     |

E501 Line too long (116 > 88)
    --> scripts/mac/9router_vm_qualify.py:2863:89
     |
2861 |                 confirmation = private_json(confirmation_path)
2862 |                 validate_signin_confirmation(confirmation, binding)
2863 |                 devbox("upload", args.devbox_name, str(confirmation_path), str(remote / "signin-confirmation.json"))
     |                                                                                         ^^^^^^^^^^^^^^^^^^^^^^^^^^^^
2864 |                 close()
2865 |         wait_guest_manifest(args, active, remote, metadata, require_claim, cli, cli_env)
     |

E501 Line too long (155 > 88)
    --> scripts/mac/9router_vm_qualify.py:2905:89
     |
2904 | …
2905 | …, work, metadata, devbox, evidence, exported_expected, require_claim, claim_path, final_checkpoint)
     |                                  ^^^^^^^^^^^^^^^^^^^^^^^^^^^^^^^^^^^^^^^^^^^^^^^^^^^^^^^^^^^^^^^^^^^
2906 | …
2907 | …
     |

E501 Line too long (127 > 88)
    --> scripts/mac/9router_vm_qualify.py:2951:89
     |
2949 |         if name == "run":
2950 |             command.add_argument("--confirmation-file")
2951 |             command.add_argument("--credential-checkpoint", nargs="?", const=str(Path.home() / "dev/9router_test_credentials"))
     |                                                                                         ^^^^^^^^^^^^^^^^^^^^^^^^^^^^^^^^^^^^^^^
2952 |         if name == "run":
2953 |             command.add_argument("--acknowledge-namespace", action="store_true")
     |

I001 [*] Import block is un-sorted or un-formatted
  --> tests/mac/9router_test_credentials.check.py:3:1
   |
 1 |   #!/usr/bin/env python3
 2 |   """Namespace-only fake restore/export dispatch proof; no actual credential paths."""
 3 | / import importlib.util
 4 | | import json
 5 | | import os
 6 | | from pathlib import Path
 7 | | import sqlite3
 8 | | import subprocess
 9 | | import sys
10 | | import tempfile
11 | | from unittest.mock import patch
   | |_______________________________^
12 |
13 |   assert sys.platform == "darwin"
   |
help: Organize imports

E501 Line too long (138 > 88)
  --> tests/mac/9router_test_credentials.check.py:14:89
   |
13 | …
14 | …, "kern.hv_vmm_present"], capture_output=True, text=True, check=True).stdout.strip() == "1"
   |                                           ^^^^^^^^^^^^^^^^^^^^^^^^^^^^^^^^^^^^^^^^^^^^^^^^^^
15 | …"scripts/mac/9router_test_credentials.py"
16 | …checkpoint", script)
   |

E702 Multiple statements on one line (semicolon)
  --> tests/mac/9router_test_credentials.check.py:23:49
   |
22 | def fixture(root, generation, state="done"):
23 |     stage = root / (".stage-" + str(generation));stage.mkdir(mode=0o700)
   |                                                 ^
24 |     app = sqlite3.connect(stage / "app.sqlite")
25 |     app.executescript("CREATE TABLE providerConnections(id TEXT,provider TEXT,authType TEXT,isActive INTEGER,data TEXT); CREATE TABLE …
   |

E501 Line too long (224 > 88)
  --> tests/mac/9router_test_credentials.check.py:25:89
   |
23 | …
24 | …
25 | …ype TEXT,isActive INTEGER,data TEXT); CREATE TABLE apiKeys(id TEXT,key TEXT,isActive INTEGER); CREATE TABLE settings(id INTEGER,data TEXT);")
   |       ^^^^^^^^^^^^^^^^^^^^^^^^^^^^^^^^^^^^^^^^^^^^^^^^^^^^^^^^^^^^^^^^^^^^^^^^^^^^^^^^^^^^^^^^^^^^^^^^^^^^^^^^^^^^^^^^^^^^^^^^^^^^^^^^^^^^^^^^
26 | …
27 | …"-test",provider,"oauth",1,json.dumps({"refreshToken":"fictional-rotated-"+str(generation),"refreshGenerations":{"oauth":generation}})))
   |

E501 Line too long (219 > 88)
  --> tests/mac/9router_test_credentials.check.py:27:89
   |
25 | …ype TEXT,isActive INTEGER,data TEXT); CREATE TABLE apiKeys(id TEXT,key TEXT,isActive INTEGER); CREATE TABLE settings(id INTEGER,data TEXT);")
26 | …
27 | …"-test",provider,"oauth",1,json.dumps({"refreshToken":"fictional-rotated-"+str(generation),"refreshGenerations":{"oauth":generation}})))
   |       ^^^^^^^^^^^^^^^^^^^^^^^^^^^^^^^^^^^^^^^^^^^^^^^^^^^^^^^^^^^^^^^^^^^^^^^^^^^^^^^^^^^^^^^^^^^^^^^^^^^^^^^^^^^^^^^^^^^^^^^^^^^^^^^^^^^
28 | …-key",))
29 | …caleEnabled":false,"mitmEnabled":false}',));app.commit();app.close()
   |

E501 Line too long (91 > 88)
  --> tests/mac/9router_test_credentials.check.py:28:89
   |
26 |     for provider in ("claude", "codex"):
27 |         app.execute("INSERT INTO providerConnections VALUES(?,?,?,?,?)", (provider+"-test",provider,"oauth",1,json.dumps({"refreshToke…
28 |     app.execute("INSERT INTO apiKeys VALUES('fictional-id',?,1)", ("fictional-guest-key",))
   |                                                                                         ^^^
29 |     app.execute("INSERT INTO settings VALUES(1,?)", ('{"tunnelEnabled":false,"tailscaleEnabled":false,"mitmEnabled":false}',));app.com…
30 |     refresh=sqlite3.connect(stage/"refresh.sqlite")
   |

E501 Line too long (151 > 88)
  --> tests/mac/9router_test_credentials.check.py:29:89
   |
27 | …VALUES(?,?,?,?,?)", (provider+"-test",provider,"oauth",1,json.dumps({"refreshToken":"fictional-rotated-"+str(generation),"refreshGene…
28 | …l-id',?,1)", ("fictional-guest-key",))
29 | …'{"tunnelEnabled":false,"tailscaleEnabled":false,"mitmEnabled":false}',));app.commit();app.close()
   |                                     ^^^^^^^^^^^^^^^^^^^^^^^^^^^^^^^^^^^^^^^^^^^^^^^^^^^^^^^^^^^^^^^
30 | …
31 | …id INTEGER,protocol INTEGER); INSERT INTO refresh_meta VALUES(1,1); CREATE TABLE refresh_sequence(id INTEGER,value INTEGER); CREATE T…
   |

E702 Multiple statements on one line (semicolon)
  --> tests/mac/9router_test_credentials.check.py:29:127
   |
27 |         app.execute("INSERT INTO providerConnections VALUES(?,?,?,?,?)", (provider+"-test",provider,"oauth",1,json.dumps({"refreshToke…
28 |     app.execute("INSERT INTO apiKeys VALUES('fictional-id',?,1)", ("fictional-guest-key",))
29 |     app.execute("INSERT INTO settings VALUES(1,?)", ('{"tunnelEnabled":false,"tailscaleEnabled":false,"mitmEnabled":false}',));app.com…
   |                                                                                                                               ^
30 |     refresh=sqlite3.connect(stage/"refresh.sqlite")
31 |     refresh.executescript("CREATE TABLE refresh_meta(id INTEGER,protocol INTEGER); INSERT INTO refresh_meta VALUES(1,1); CREATE TABLE …
   |

E702 Multiple statements on one line (semicolon)
  --> tests/mac/9router_test_credentials.check.py:29:140
   |
27 | …(provider+"-test",provider,"oauth",1,json.dumps({"refreshToken":"fictional-rotated-"+str(generation),"refreshGenerations":{"oauth":ge…
28 | …onal-guest-key",))
29 | …lse,"tailscaleEnabled":false,"mitmEnabled":false}',));app.commit();app.close()
   |                                                                    ^
30 | …
31 | …INTEGER); INSERT INTO refresh_meta VALUES(1,1); CREATE TABLE refresh_sequence(id INTEGER,value INTEGER); CREATE TABLE refresh_flights…
   |

E501 Line too long (288 > 88)
  --> tests/mac/9router_test_credentials.check.py:31:89
   |
29 | …caleEnabled":false,"mitmEnabled":false}',));app.commit();app.close()
30 | …
31 | …INSERT INTO refresh_meta VALUES(1,1); CREATE TABLE refresh_sequence(id INTEGER,value INTEGER); CREATE TABLE refresh_flights(key TEXT,owner TEXT,state TEXT,result TEXT,generation INTEGER,started_at TEXT);")
   |       ^^^^^^^^^^^^^^^^^^^^^^^^^^^^^^^^^^^^^^^^^^^^^^^^^^^^^^^^^^^^^^^^^^^^^^^^^^^^^^^^^^^^^^^^^^^^^^^^^^^^^^^^^^^^^^^^^^^^^^^^^^^^^^^^^^^^^^^^^^^^^^^^^^^^^^^^^^^^^^^^^^^^^^^^^^^^^^^^^^^^^^^^^^^^^^^^^^^^^^^^
32 | …
33 | …digest","fictional-owner",state,json.dumps({"accessToken":"fictional-access","refreshToken":"fictional-rotated-"+str(generation),"refreshGenerations":{"oauth":generation}}),generation,"fictional-time"));refresh…
   |

E501 Line too long (318 > 88)
  --> tests/mac/9router_test_credentials.check.py:33:89
   |
31 | …INSERT INTO refresh_meta VALUES(1,1); CREATE TABLE refresh_sequence(id INTEGER,value INTEGER); CREATE TABLE refresh_flights(key TEXT,owner TEXT,state TEXT,result TEXT,generation INTEGER,started_at TEXT);")
32 | …
33 | …digest","fictional-owner",state,json.dumps({"accessToken":"fictional-access","refreshToken":"fictional-rotated-"+str(generation),"refreshGenerations":{"oauth":generation}}),generation,"fictional-time"));refresh.commit();refresh.close()
   |       ^^^^^^^^^^^^^^^^^^^^^^^^^^^^^^^^^^^^^^^^^^^^^^^^^^^^^^^^^^^^^^^^^^^^^^^^^^^^^^^^^^^^^^^^^^^^^^^^^^^^^^^^^^^^^^^^^^^^^^^^^^^^^^^^^^^^^^^^^^^^^^^^^^^^^^^^^^^^^^^^^^^^^^^^^^^^^^^^^^^^^^^^^^^^^^^^^^^^^^^^^^^^^^^^^^^^^^^^^^^^^^^^^^^^^^
34 | … JWT_SECRET="fictional-jwt"\nexport API_KEY_SECRET="fictional-api"\nexport MACHINE_ID_SALT="fictional-salt"\nexport INITIAL_PASSWORD="fictional-password"\nexport NODE_ENV="production"\nexport REQUEST_DETAILS_MODE="disabled"\n')
35 | …t":"fictional-schema"}')
   |

E702 Multiple statements on one line (semicolon)
  --> tests/mac/9router_test_credentials.check.py:33:286
   |
31 | …er TEXT,state TEXT,result TEXT,generation INTEGER,started_at TEXT);")
32 | …
33 | …hGenerations":{"oauth":generation}}),generation,"fictional-time"));refresh.commit();refresh.close()
   |                                                                    ^
34 | …ctional-password"\nexport NODE_ENV="production"\nexport REQUEST_DETAILS_MODE="disabled"\n')
35 | …
   |

E702 Multiple statements on one line (semicolon)
  --> tests/mac/9router_test_credentials.check.py:33:303
   |
31 | …T,result TEXT,generation INTEGER,started_at TEXT);")
32 | …
33 | …auth":generation}}),generation,"fictional-time"));refresh.commit();refresh.close()
   |                                                                    ^
34 | …\nexport NODE_ENV="production"\nexport REQUEST_DETAILS_MODE="disabled"\n')
35 | …
   |

E501 Line too long (310 > 88)
  --> tests/mac/9router_test_credentials.check.py:34:89
   |
32 | …
33 | …digest","fictional-owner",state,json.dumps({"accessToken":"fictional-access","refreshToken":"fictional-rotated-"+str(generation),"refreshGenerations":{"oauth":generation}}),generation,"fictional-time"));refresh.commit();refresh.clos…
34 | … JWT_SECRET="fictional-jwt"\nexport API_KEY_SECRET="fictional-api"\nexport MACHINE_ID_SALT="fictional-salt"\nexport INITIAL_PASSWORD="fictional-password"\nexport NODE_ENV="production"\nexport REQUEST_DETAILS_MODE="disabled"\n')
   |       ^^^^^^^^^^^^^^^^^^^^^^^^^^^^^^^^^^^^^^^^^^^^^^^^^^^^^^^^^^^^^^^^^^^^^^^^^^^^^^^^^^^^^^^^^^^^^^^^^^^^^^^^^^^^^^^^^^^^^^^^^^^^^^^^^^^^^^^^^^^^^^^^^^^^^^^^^^^^^^^^^^^^^^^^^^^^^^^^^^^^^^^^^^^^^^^^^^^^^^^^^^^^^^^^^^^^^^^^^^^^^^
35 | …t":"fictional-schema"}')
36 | …
   |

E701 Multiple statements on one line (colon)
  --> tests/mac/9router_test_credentials.check.py:36:24
   |
34 |     (stage/"env.sh").write_text('export DATA_DIR="/fictional/test/.9router"\nexport JWT_SECRET="fictional-jwt"\nexport API_KEY_SECRET=…
35 |     (stage/"schema-manifest.json").write_text('{"protocol":1,"persistenceFingerprint":"fictional-schema"}')
36 |     for name in c.FILES:(stage/name).chmod(0o600)
   |                        ^
37 |     c.save(stage/"manifest.json", {"schema":1,"kind":"private-test-credential-seed-not-qualification","credential_origin":"fresh-indep…
38 |     return stage
   |

E501 Line too long (343 > 88)
  --> tests/mac/9router_test_credentials.check.py:37:89
   |
35 | …t":"fictional-schema"}')
36 | …
37 | …not-qualification","credential_origin":"fresh-independently-authenticated-guest-only","provider_counts":{"claude":1,"codex":1},"active_api_key_count":1,"refresh_sequence":generation,"run_id":"fictional","files":{name:c.digest(stage/name) for name in c.FILES}})
   |       ^^^^^^^^^^^^^^^^^^^^^^^^^^^^^^^^^^^^^^^^^^^^^^^^^^^^^^^^^^^^^^^^^^^^^^^^^^^^^^^^^^^^^^^^^^^^^^^^^^^^^^^^^^^^^^^^^^^^^^^^^^^^^^^^^^^^^^^^^^^^^^^^^^^^^^^^^^^^^^^^^^^^^^^^^^^^^^^^^^^^^^^^^^^^^^^^^^^^^^^^^^^^^^^^^^^^^^^^^^^^^^^^^^^^^^^^^^^^^^^^^^^^^^^^^^^^^^^
38 | …
   |

E701 Multiple statements on one line (colon)
  --> tests/mac/9router_test_credentials.check.py:42:8
   |
41 | def refused(fn):
42 |     try:fn()
   |        ^
43 |     except ValueError:return
44 |     raise AssertionError("Expected refusal")
   |

E701 Multiple statements on one line (colon)
  --> tests/mac/9router_test_credentials.check.py:43:22
   |
41 | def refused(fn):
42 |     try:fn()
43 |     except ValueError:return
   |                      ^
44 |     raise AssertionError("Expected refusal")
   |

E501 Line too long (96 > 88)
  --> tests/mac/9router_test_credentials.check.py:47:89
   |
47 | with tempfile.TemporaryDirectory(prefix="credential-check-", dir=str(Path.home())) as temporary:
   |                                                                                         ^^^^^^^^
48 |     root=Path(temporary).resolve()
49 |     with c.owner(root):
   |

E702 Multiple statements on one line (semicolon)
  --> tests/mac/9router_test_credentials.check.py:52:48
   |
50 |         refused(lambda:c.owner(root).__enter__())
51 |         seed=fixture(root,1)
52 |         destination=root/("checkpoint-"+"a"*32);os.rename(seed,destination)
   |                                                ^
53 |         c.save(root/"latest.json", {"checkpoint":destination.name,"manifest_sha256":c.digest(destination/"manifest.json")})
54 |         previous=c.digest(root/"latest.json")
   |

E501 Line too long (123 > 88)
  --> tests/mac/9router_test_credentials.check.py:53:89
   |
51 |         seed=fixture(root,1)
52 |         destination=root/("checkpoint-"+"a"*32);os.rename(seed,destination)
53 |         c.save(root/"latest.json", {"checkpoint":destination.name,"manifest_sha256":c.digest(destination/"manifest.json")})
   |                                                                                         ^^^^^^^^^^^^^^^^^^^^^^^^^^^^^^^^^^^
54 |         previous=c.digest(root/"latest.json")
55 |         c.begin(root,{"run_id":"fictional-run","namespace":{"devbox_id":"fake","instance_id":"fake"}})
   |

E501 Line too long (91 > 88)
  --> tests/mac/9router_test_credentials.check.py:58:89
   |
56 |         refused(lambda:c.current(root))
57 |         stage=fixture(root,2)
58 |         with patch.object(c.os,"replace",side_effect=OSError("fictional publish failure")):
   |                                                                                         ^^^
59 |             try:c.publish(root,stage,previous)
60 |             except OSError:pass
   |

E701 Multiple statements on one line (colon)
  --> tests/mac/9router_test_credentials.check.py:59:16
   |
57 |         stage=fixture(root,2)
58 |         with patch.object(c.os,"replace",side_effect=OSError("fictional publish failure")):
59 |             try:c.publish(root,stage,previous)
   |                ^
60 |             except OSError:pass
61 |             else:raise AssertionError("Failed export passed")
   |

E701 Multiple statements on one line (colon)
  --> tests/mac/9router_test_credentials.check.py:60:27
   |
58 |         with patch.object(c.os,"replace",side_effect=OSError("fictional publish failure")):
59 |             try:c.publish(root,stage,previous)
60 |             except OSError:pass
   |                           ^
61 |             else:raise AssertionError("Failed export passed")
62 |         assert c.digest(root/"latest.json")==previous and (root/"uncertain.json").exists()
   |

E701 Multiple statements on one line (colon)
  --> tests/mac/9router_test_credentials.check.py:61:17
   |
59 |             try:c.publish(root,stage,previous)
60 |             except OSError:pass
61 |             else:raise AssertionError("Failed export passed")
   |                 ^
62 |         assert c.digest(root/"latest.json")==previous and (root/"uncertain.json").exists()
63 |         stage=fixture(root,3)
   |

E501 Line too long (90 > 88)
  --> tests/mac/9router_test_credentials.check.py:62:89
   |
60 |             except OSError:pass
61 |             else:raise AssertionError("Failed export passed")
62 |         assert c.digest(root/"latest.json")==previous and (root/"uncertain.json").exists()
   |                                                                                         ^^
63 |         stage=fixture(root,3)
64 |         summary=c.publish(root,stage,previous)
   |

E702 Multiple statements on one line (semicolon)
  --> tests/mac/9router_test_credentials.check.py:67:25
   |
65 |         assert summary["refresh_sequence"]==3 and not (root/"uncertain.json").exists()
66 |         seed=c.current(root,"fictional-schema")
67 |         home=root/"home";home.mkdir(mode=0o700)
   |                         ^
68 |         for name in (".9router",".9router/db",".9router/hotswap"):(home/name).mkdir(mode=0o700)
69 |         c.restore(seed,home,"fictional-schema")
   |

E701 Multiple statements on one line (colon)
  --> tests/mac/9router_test_credentials.check.py:68:66
   |
66 |         seed=c.current(root,"fictional-schema")
67 |         home=root/"home";home.mkdir(mode=0o700)
68 |         for name in (".9router",".9router/db",".9router/hotswap"):(home/name).mkdir(mode=0o700)
   |                                                                  ^
69 |         c.restore(seed,home,"fictional-schema")
70 |         app=sqlite3.connect(home/".9router/db/data.sqlite")
   |

E501 Line too long (95 > 88)
  --> tests/mac/9router_test_credentials.check.py:68:89
   |
66 |         seed=c.current(root,"fictional-schema")
67 |         home=root/"home";home.mkdir(mode=0o700)
68 |         for name in (".9router",".9router/db",".9router/hotswap"):(home/name).mkdir(mode=0o700)
   |                                                                                         ^^^^^^^
69 |         c.restore(seed,home,"fictional-schema")
70 |         app=sqlite3.connect(home/".9router/db/data.sqlite")
   |

E501 Line too long (152 > 88)
  --> tests/mac/9router_test_credentials.check.py:71:89
   |
69 | …
70 | …ite")
71 | …="fictional-rotated-3" for row in app.execute("SELECT data FROM providerConnections"));app.close()
   |                                    ^^^^^^^^^^^^^^^^^^^^^^^^^^^^^^^^^^^^^^^^^^^^^^^^^^^^^^^^^^^^^^^^
72 | …/refresh.sqlite")
73 | …esh_sequence").fetchone()[0]==3
   |

E702 Multiple statements on one line (semicolon)
  --> tests/mac/9router_test_credentials.check.py:71:141
   |
69 | …
70 | …
71 | …3" for row in app.execute("SELECT data FROM providerConnections"));app.close()
   |                                                                    ^
72 | …
73 | …one()[0]==3
   |

E501 Line too long (149 > 88)
  --> tests/mac/9router_test_credentials.check.py:74:89
   |
72 | …ap/refresh.sqlite")
73 | …fresh_sequence").fetchone()[0]==3
74 | …sult FROM refresh_flights").fetchone()[0])["refreshToken"]=="fictional-rotated-3";refresh.close()
   |                                      ^^^^^^^^^^^^^^^^^^^^^^^^^^^^^^^^^^^^^^^^^^^^^^^^^^^^^^^^^^^^^
75 | …r")+'"' in (home/".9router/env.sh").read_text()
76 | …l-schema"));refused(lambda:c.current(root,"wrong-schema"))
   |

E702 Multiple statements on one line (semicolon)
  --> tests/mac/9router_test_credentials.check.py:74:134
   |
72 | …te")
73 | …).fetchone()[0]==3
74 | …sh_flights").fetchone()[0])["refreshToken"]=="fictional-rotated-3";refresh.close()
   |                                                                    ^
75 | …e/".9router/env.sh").read_text()
76 | …used(lambda:c.current(root,"wrong-schema"))
   |

E501 Line too long (99 > 88)
  --> tests/mac/9router_test_credentials.check.py:75:89
   |
73 | …     assert refresh.execute("SELECT value FROM refresh_sequence").fetchone()[0]==3
74 | …     assert json.loads(refresh.execute("SELECT result FROM refresh_flights").fetchone()[0])["refreshToken"]=="fictional-rotated-3";re…
75 | …     assert 'export DATA_DIR="'+str(home/".9router")+'"' in (home/".9router/env.sh").read_text()
   |                                                                                       ^^^^^^^^^^^
76 | …     refused(lambda:c.restore(seed,home,"fictional-schema"));refused(lambda:c.current(root,"wrong-schema"))
77 | …     # Enter the actual final export dispatch using fictional private worker state.
   |

E702 Multiple statements on one line (semicolon)
  --> tests/mac/9router_test_credentials.check.py:76:64
   |
74 | …     assert json.loads(refresh.execute("SELECT result FROM refresh_flights").fetchone()[0])["refreshToken"]=="fictional-rotated-3";re…
75 | …     assert 'export DATA_DIR="'+str(home/".9router")+'"' in (home/".9router/env.sh").read_text()
76 | …     refused(lambda:c.restore(seed,home,"fictional-schema"));refused(lambda:c.current(root,"wrong-schema"))
   |                                                              ^
77 | …     # Enter the actual final export dispatch using fictional private worker state.
78 | …     c.save(home/".9router/hotswap/manifest.json", json.loads((seed/"schema-manifest.json").read_text()))
   |

E501 Line too long (108 > 88)
  --> tests/mac/9router_test_credentials.check.py:78:89
   |
76 |         refused(lambda:c.restore(seed,home,"fictional-schema"));refused(lambda:c.current(root,"wrong-schema"))
77 |         # Enter the actual final export dispatch using fictional private worker state.
78 |         c.save(home/".9router/hotswap/manifest.json", json.loads((seed/"schema-manifest.json").read_text()))
   |                                                                                         ^^^^^^^^^^^^^^^^^^^^
79 |         class Controller:
80 |             def configure_qualification(self, scope):assert scope==root/"scope.json"
   |

E501 Line too long (162 > 88)
  --> tests/mac/9router_test_credentials.check.py:84:89
   |
82 | …ease":"fictional"}}}
83 | …"a"
84 | …onnections":0,"appWork":{"initialized":True,"unknown":False,"draining":True,**dict.fromkeys(c.WORK,0)}}
   |                               ^^^^^^^^^^^^^^^^^^^^^^^^^^^^^^^^^^^^^^^^^^^^^^^^^^^^^^^^^^^^^^^^^^^^^^^^^^
85 | …
86 | …ed,{"run_id":"fictional-final","namespace":{"devbox_id":"fake","instance_id":"fake"},"sha256":"a"*64,"source_commit":"b"*40})
   |

E501 Line too long (114 > 88)
  --> tests/mac/9router_test_credentials.check.py:88:89
   |
86 | …     c.export(home,root/"scope.json",Controller(),exported,{"run_id":"fictional-final","namespace":{"devbox_id":"fake","instance_id":…
87 | …     checked,account_generations=c.validate(exported,"fictional-schema")
88 | …     assert checked["refresh_sequence"]==3 and all(value["oauth"]==3 for value in account_generations.values())
   |                                                                                       ^^^^^^^^^^^^^^^^^^^^^^^^^^
89 | …     c.begin(root,{"run_id":"fictional-next","namespace":{}})
90 | …     stale=fixture(root,0);refused(lambda:c.publish(root,stale,c.digest(root/"latest.json")))
   |

E702 Multiple statements on one line (semicolon)
  --> tests/mac/9router_test_credentials.check.py:90:30
   |
88 |         assert checked["refresh_sequence"]==3 and all(value["oauth"]==3 for value in account_generations.values())
89 |         c.begin(root,{"run_id":"fictional-next","namespace":{}})
90 |         stale=fixture(root,0);refused(lambda:c.publish(root,stale,c.digest(root/"latest.json")))
   |                              ^
91 |         assert (root/"uncertain.json").exists()
92 |         uncertain=fixture(root,4,"uncertain");refused(lambda:c.publish(root,uncertain,c.digest(root/"latest.json")))
   |

E702 Multiple statements on one line (semicolon)
  --> tests/mac/9router_test_credentials.check.py:92:46
   |
90 |         stale=fixture(root,0);refused(lambda:c.publish(root,stale,c.digest(root/"latest.json")))
91 |         assert (root/"uncertain.json").exists()
92 |         uncertain=fixture(root,4,"uncertain");refused(lambda:c.publish(root,uncertain,c.digest(root/"latest.json")))
   |                                              ^
93 |     refused(lambda:c.owner(root).__enter__())
94 | print("PASS: private fake latest-token/generation restore; second owner, schema/stale/uncertain state and failed export refuse; previo…
   |

E501 Line too long (159 > 88)
  --> tests/mac/9router_test_credentials.check.py:94:89
   |
92 | …bda:c.publish(root,uncertain,c.digest(root/"latest.json")))
93 | …
94 | …; second owner, schema/stale/uncertain state and failed export refuse; previous checkpoint preserved")
   |                                 ^^^^^^^^^^^^^^^^^^^^^^^^^^^^^^^^^^^^^^^^^^^^^^^^^^^^^^^^^^^^^^^^^^^^^^^
   |

E501 Line too long (129 > 88)
    --> tests/mac/test_9router_vm_qualify.py:1300:89
     |
1299 |     def test_guest_dispatch_selects_same_instance_live_scope_without_restore(self):
1300 |         args = unittest.mock.Mock(interactive_signin=True, credential_checkpoint=False, tgz="candidate.tgz", signin_timeout=1200)
     |                                                                                         ^^^^^^^^^^^^^^^^^^^^^^^^^^^^^^^^^^^^^^^^^
1301 |         binding = {"namespace": {"devbox_id": "fixture", "instance_id": "same-instance"}}
1302 |         scope = {"home": "fixture-home", "packages": {"digest": {"release": "release"}}}
     |

E501 Line too long (89 > 88)
    --> tests/mac/test_9router_vm_qualify.py:1301:89
     |
1299 |     def test_guest_dispatch_selects_same_instance_live_scope_without_restore(self):
1300 |         args = unittest.mock.Mock(interactive_signin=True, credential_checkpoint=False, tgz="candidate.tgz", signin_timeout=1200)
1301 |         binding = {"namespace": {"devbox_id": "fixture", "instance_id": "same-instance"}}
     |                                                                                         ^
1302 |         scope = {"home": "fixture-home", "packages": {"digest": {"release": "release"}}}
1303 |         with (
     |

E501 Line too long (110 > 88)
    --> tests/mac/test_9router_vm_qualify.py:1304:89
     |
1302 |         scope = {"home": "fixture-home", "packages": {"digest": {"release": "release"}}}
1303 |         with (
1304 |             patch.object(qualify, "interactive_baseline", return_value=(Path("scope.json"), scope)) as signin,
     |                                                                                         ^^^^^^^^^^^^^^^^^^^^^^
1305 |             patch.object(qualify, "controller_call") as controller,
1306 |         ):
     |

E501 Line too long (95 > 88)
    --> tests/mac/test_9router_vm_qualify.py:1309:89
     |
1307 |             result = qualify.live_scope_for_run(args, binding, Path("guest-run"))
1308 |         self.assertEqual(result, (Path("scope.json"), scope))
1309 |         signin.assert_called_once_with(Path("candidate.tgz"), binding, Path("guest-run"), 1200)
     |                                                                                         ^^^^^^^
1310 |         controller.assert_not_called()
     |

E501 Line too long (121 > 88)
    --> tests/mac/test_9router_vm_qualify.py:1316:89
     |
1314 |         with (
1315 |             patch.object(qualify.socket, "socket") as socket,
1316 |             patch.object(qualify.subprocess, "run", return_value=unittest.mock.Mock(returncode=1, stdout="", stderr="")),
     |                                                                                         ^^^^^^^^^^^^^^^^^^^^^^^^^^^^^^^^^
1317 |             patch.object(qualify.time, "sleep"),
1318 |         ):
     |

E501 Line too long (128 > 88)
    --> tests/mac/test_9router_vm_qualify.py:1319:89
     |
1317 |             patch.object(qualify.time, "sleep"),
1318 |         ):
1319 |             socket.return_value.__enter__.return_value.bind.side_effect = [OSError(errno.EADDRINUSE, "recent connection"), None]
     |                                                                                         ^^^^^^^^^^^^^^^^^^^^^^^^^^^^^^^^^^^^^^^^
1320 |             qualify.wait_signin_port(21128, 120)
1321 |             self.assertEqual(socket.return_value.__enter__.return_value.bind.call_count, 2)
     |

E501 Line too long (91 > 88)
    --> tests/mac/test_9router_vm_qualify.py:1321:89
     |
1319 |             socket.return_value.__enter__.return_value.bind.side_effect = [OSError(errno.EADDRINUSE, "recent connection"), None]
1320 |             qualify.wait_signin_port(21128, 120)
1321 |             self.assertEqual(socket.return_value.__enter__.return_value.bind.call_count, 2)
     |                                                                                         ^^^
1322 |         with (
1323 |             patch.object(qualify.socket, "socket") as socket,
     |

E501 Line too long (129 > 88)
    --> tests/mac/test_9router_vm_qualify.py:1324:89
     |
1322 |         with (
1323 |             patch.object(qualify.socket, "socket") as socket,
1324 |             patch.object(qualify.subprocess, "run", return_value=unittest.mock.Mock(returncode=0, stdout="listener", stderr="")),
     |                                                                                         ^^^^^^^^^^^^^^^^^^^^^^^^^^^^^^^^^^^^^^^^^
1325 |             patch.object(qualify.time, "sleep") as sleep,
1326 |         ):
     |

E501 Line too long (111 > 88)
    --> tests/mac/test_9router_vm_qualify.py:1327:89
     |
1325 |             patch.object(qualify.time, "sleep") as sleep,
1326 |         ):
1327 |             socket.return_value.__enter__.return_value.bind.side_effect = OSError(errno.EADDRINUSE, "occupied")
     |                                                                                         ^^^^^^^^^^^^^^^^^^^^^^^
1328 |             with self.assertRaisesRegex(ValueError, "occupied listener"):
1329 |                 qualify.wait_signin_port(21128, 120)
     |

E501 Line too long (101 > 88)
    --> tests/mac/test_9router_vm_qualify.py:1333:89
     |
1332 |     def test_confirmation_binds_run_and_instance_and_refuses_nonconfirmation(self):
1333 |         binding = {"run_id": "current", "namespace": {"devbox_id": "box", "instance_id": "instance"}}
     |                                                                                         ^^^^^^^^^^^^^
1334 |         good = {"run_id": "current", "namespace": binding["namespace"], "operator_quote": "Signed in independently", "operator_turn"…
1335 |         qualify.validate_signin_confirmation(good, binding)
     |

E501 Line too long (156 > 88)
    --> tests/mac/test_9router_vm_qualify.py:1334:89
     |
1332 | …ses_nonconfirmation(self):
1333 | …vbox_id": "box", "instance_id": "instance"}}
1334 | …["namespace"], "operator_quote": "Signed in independently", "operator_turn": "current actual turn"}
     |                                 ^^^^^^^^^^^^^^^^^^^^^^^^^^^^^^^^^^^^^^^^^^^^^^^^^^^^^^^^^^^^^^^^^^^^
1335 | …g)
1336 | …
     |

E501 Line too long (91 > 88)
    --> tests/mac/test_9router_vm_qualify.py:1337:89
     |
1335 |         qualify.validate_signin_confirmation(good, binding)
1336 |         for patch_value in (
1337 |             {"run_id": "other"}, {"namespace": {"devbox_id": "box", "instance_id": "old"}},
     |                                                                                         ^^^
1338 |             {"operator_quote": ""}, {"operator_turn": ""}, {"confirmed": False},
1339 |         ):
     |

F401 [*] `os` imported but unused
    --> tests/mac/test_9router_vm_qualify.py:1347:16
     |
1345 |     def test_actual_download_dispatch_privatizes_0644_before_validation(self):
1346 |         import hashlib
1347 |         import os
     |                ^^
1348 |         data = b'{"run_id":"current","namespace":{"instance_id":"current"}}'
1349 |         with TemporaryDirectory() as directory:
     |
help: Remove unused import: `os`

E501 Line too long (130 > 88)
    --> tests/mac/test_9router_vm_qualify.py:1356:89
     |
1354 |                 return unittest.mock.Mock(returncode=0)
1355 |             with patch.object(qualify.subprocess, "run", side_effect=download):
1356 |                 qualify.download_private("devbox", {}, "box", Path("/guest/ready.json"), target, hashlib.sha256(data).hexdigest())
     |                                                                                         ^^^^^^^^^^^^^^^^^^^^^^^^^^^^^^^^^^^^^^^^^^
1357 |             self.assertEqual(target.stat().st_mode & 0o777, 0o600)
1358 |             self.assertEqual(qualify.private_json(target)["run_id"], "current")
     |

E702 Multiple statements on one line (semicolon)
    --> tests/mac/test_9router_vm_qualify.py:1366:39
     |
1364 |         for mutation in ("symlink", "hardlink", "replace", "wrong-digest"):
1365 |             with self.subTest(mutation=mutation), TemporaryDirectory() as directory:
1366 |                 root = Path(directory); target = root / "handoff.json"; foreign = root / "foreign"
     |                                       ^
1367 |                 foreign.write_bytes(b'unchanged')
1368 |                 def download(_argv, *, stdout, **_kwargs):
     |

E702 Multiple statements on one line (semicolon)
    --> tests/mac/test_9router_vm_qualify.py:1366:71
     |
1364 |         for mutation in ("symlink", "hardlink", "replace", "wrong-digest"):
1365 |             with self.subTest(mutation=mutation), TemporaryDirectory() as directory:
1366 |                 root = Path(directory); target = root / "handoff.json"; foreign = root / "foreign"
     |                                                                       ^
1367 |                 foreign.write_bytes(b'unchanged')
1368 |                 def download(_argv, *, stdout, **_kwargs):
     |

E501 Line too long (98 > 88)
    --> tests/mac/test_9router_vm_qualify.py:1366:89
     |
1364 |         for mutation in ("symlink", "hardlink", "replace", "wrong-digest"):
1365 |             with self.subTest(mutation=mutation), TemporaryDirectory() as directory:
1366 |                 root = Path(directory); target = root / "handoff.json"; foreign = root / "foreign"
     |                                                                                         ^^^^^^^^^^
1367 |                 foreign.write_bytes(b'unchanged')
1368 |                 def download(_argv, *, stdout, **_kwargs):
     |

E702 Multiple statements on one line (semicolon)
    --> tests/mac/test_9router_vm_qualify.py:1369:39
     |
1367 |                 foreign.write_bytes(b'unchanged')
1368 |                 def download(_argv, *, stdout, **_kwargs):
1369 |                     stdout.write(data); stdout.flush()
     |                                       ^
1370 |                     if mutation != "wrong-digest":
1371 |                         target.unlink()
     |

E701 Multiple statements on one line (colon)
    --> tests/mac/test_9router_vm_qualify.py:1372:49
     |
1370 |                     if mutation != "wrong-digest":
1371 |                         target.unlink()
1372 |                         if mutation == "symlink": target.symlink_to(foreign)
     |                                                 ^
1373 |                         elif mutation == "hardlink": os.link(foreign, target)
1374 |                         else: target.write_bytes(data)
     |

E701 Multiple statements on one line (colon)
    --> tests/mac/test_9router_vm_qualify.py:1373:52
     |
1371 |                         target.unlink()
1372 |                         if mutation == "symlink": target.symlink_to(foreign)
1373 |                         elif mutation == "hardlink": os.link(foreign, target)
     |                                                    ^
1374 |                         else: target.write_bytes(data)
1375 |                     return unittest.mock.Mock(returncode=0)
     |

E701 Multiple statements on one line (colon)
    --> tests/mac/test_9router_vm_qualify.py:1374:29
     |
1372 |                         if mutation == "symlink": target.symlink_to(foreign)
1373 |                         elif mutation == "hardlink": os.link(foreign, target)
1374 |                         else: target.write_bytes(data)
     |                             ^
1375 |                     return unittest.mock.Mock(returncode=0)
1376 |                 with patch.object(qualify.subprocess, "run", side_effect=download), self.assertRaises(ValueError):
     |

E501 Line too long (114 > 88)
    --> tests/mac/test_9router_vm_qualify.py:1376:89
     |
1374 | …             else: target.write_bytes(data)
1375 | …         return unittest.mock.Mock(returncode=0)
1376 | …     with patch.object(qualify.subprocess, "run", side_effect=download), self.assertRaises(ValueError):
     |                                                                               ^^^^^^^^^^^^^^^^^^^^^^^^^^
1377 | …         qualify.download_private("devbox", {}, "box", Path("/guest/ready.json"), target, "a" * 64 if mutation == "wrong-digest" el…
1378 | …     self.assertEqual(foreign.read_bytes(), b'unchanged')
     |

E501 Line too long (178 > 88)
    --> tests/mac/test_9router_vm_qualify.py:1377:89
     |
1375 | …
1376 | …fect=download), self.assertRaises(ValueError):
1377 | …th("/guest/ready.json"), target, "a" * 64 if mutation == "wrong-digest" else hashlib.sha256(data).hexdigest())
     |                      ^^^^^^^^^^^^^^^^^^^^^^^^^^^^^^^^^^^^^^^^^^^^^^^^^^^^^^^^^^^^^^^^^^^^^^^^^^^^^^^^^^^^^^^^^^
1378 | …
1379 | …
     |

E702 Multiple statements on one line (semicolon)
    --> tests/mac/test_9router_vm_qualify.py:1380:53
     |
1378 |                 self.assertEqual(foreign.read_bytes(), b'unchanged')
1379 |         with TemporaryDirectory() as directory:
1380 |             path = Path(directory) / "occupied.json"; path.write_text("preserve")
     |                                                     ^
1381 |             with self.assertRaises(FileExistsError):
1382 |                 qualify.download_private("devbox", {}, "box", Path("/guest/ready.json"), path, "a" * 64)
     |

E501 Line too long (104 > 88)
    --> tests/mac/test_9router_vm_qualify.py:1382:89
     |
1380 |             path = Path(directory) / "occupied.json"; path.write_text("preserve")
1381 |             with self.assertRaises(FileExistsError):
1382 |                 qualify.download_private("devbox", {}, "box", Path("/guest/ready.json"), path, "a" * 64)
     |                                                                                         ^^^^^^^^^^^^^^^^
1383 |             self.assertEqual(path.read_text(), "preserve")
     |

E501 Line too long (98 > 88)
    --> tests/mac/test_9router_vm_qualify.py:1387:89
     |
1386 | class NativeReviewIdentityTest(unittest.TestCase):
1387 |     def test_existing_review_counterfactual_terminal_is_accepted_but_wrong_terminal_refuses(self):
     |                                                                                         ^^^^^^^^^^
1388 |         entry = next(item for item in qualify.NATIVE if item[0] == "review-counterfactual")
1389 |         terminal = "GREEN: unchanged mirror passes; RED: baseline mirror fails all eight named review mechanisms while pending/uncer…
     |

E501 Line too long (91 > 88)
    --> tests/mac/test_9router_vm_qualify.py:1388:89
     |
1386 | class NativeReviewIdentityTest(unittest.TestCase):
1387 |     def test_existing_review_counterfactual_terminal_is_accepted_but_wrong_terminal_refuses(self):
1388 |         entry = next(item for item in qualify.NATIVE if item[0] == "review-counterfactual")
     |                                                                                         ^^^
1389 |         terminal = "GREEN: unchanged mirror passes; RED: baseline mirror fails all eight named review mechanisms while pending/uncer…
1390 |         for emitted, accepted in ((terminal, True), ("PASS: unrelated check", False)):
     |

E501 Line too long (151 > 88)
    --> tests/mac/test_9router_vm_qualify.py:1389:89
     |
1387 | …s_accepted_but_wrong_terminal_refuses(self):
1388 | …f item[0] == "review-counterfactual")
1389 | …D: baseline mirror fails all eight named review mechanisms while pending/uncertain safety passes"
     |                                    ^^^^^^^^^^^^^^^^^^^^^^^^^^^^^^^^^^^^^^^^^^^^^^^^^^^^^^^^^^^^^^^
1390 | …PASS: unrelated check", False)):
1391 | …
     |

E501 Line too long (94 > 88)
    --> tests/mac/test_9router_vm_qualify.py:1399:89
     |
1397 |             ):
1398 |                 if accepted:
1399 |                     qualify.prerequisite_native_checks({}, {}, Path("guest-evidence"), {}, {})
     |                                                                                         ^^^^^^
1400 |                     self.assertEqual(record.call_count, 1)
1401 |                 else:
     |

E501 Line too long (98 > 88)
    --> tests/mac/test_9router_vm_qualify.py:1403:89
     |
1401 |                 else:
1402 |                     with self.assertRaisesRegex(ValueError, "identity absent"):
1403 |                         qualify.prerequisite_native_checks({}, {}, Path("guest-evidence"), {}, {})
     |                                                                                         ^^^^^^^^^^
1404 |                     record.assert_not_called()
     |

Found 446 errors.
[*] 18 fixable with the `--fix` option.
